i;r_hom;r_het;r_hom_2nd;r_het_2nd;sigma;surface_stress;gam_hom;gam_het;dfgamdr_ana;dfgamdr_ana_het;DT;dTdr;theta;theta_2nd;dDeltaSvhomDTdr;dDeltaSvhomDTfthetadr;GT_hom;GT_het;GT_hom_2nd;GT_het_2nd;DGc_hom_2nd_expr_v;DGc_het_2nd_expr 
1;6,27E-02;8,34E-02;6,27E-02;6,27E-01;-110.093;-0.0109274;0.195771;0.00184735;-406749;-3838.2;0.0674466;428.111;0.338123;306.431;-3,91E+16;-1,56E+17;2,81E-03;2,81E-04;2,11E-02;2,11E-02;3,22E-06;3,22E-06
2;6,24E-03;8,76E-03;6,24E-03;6,24E-01;-111.191;-0.0219098;0.208625;0.00231229;-409404;-4537.61;0.0722382;460.841;0.352287;306.336;-3,64E+16;-1,46E+17;3,16E-04;3,16E-03;2,25E-02;2,25E-02;3,40E-06;3,40E-06
3;6,21E-02;9,16E-02;6,21E-02;6,21E-01;-112.295;-0.0329479;0.221564;0.00285507;-412094;-5310.26;0.0771076;494.403;0.366115;306.247;-3,41E+16;-1,36E+17;3,53E-03;3,53E-03;2,39E-02;2,39E-02;3,57E-06;3,57E-06
4;6,17E-03;9,56E-02;6,17E-03;6,17E-01;-113.404;-0.0440421;0.234588;0.00348273;-414822;-6158.53;0.0820567;528.819;0.379627;306.164;-3,20E+16;-1,28E+17;3,92E-03;3,92E-03;2,53E-02;2,53E-03;3,75E-06;3,75E-06
5;6,14E-02;9,94E-02;6,14E-02;6,14E-01;-114.519;-0.0551931;0.247698;0.00420237;-417587;-7084.67;0.0870868;564.115;0.39284;306.084;-3,01E+15;-1,20E+17;4,33E-03;4,33E-03;2,67E-02;2,67E-02;3,91E-06;3,91E-06
6;6,11E-03;1,03E-01;6,11E-03;6,11E-01;-11.564;-0.0664014;0.260896;0.00502118;-420391;-8090.82;0.0921999;600.314;0.405772;306.009;-2,84E+16;-1,14E+17;4,76E-03;4,76E-03;2,82E-02;2,82E-02;4,08E-06;4,08E-06
7;6,08E-02;1,07E-01;6,08E-02;6,08E-01;-116.767;-0.0776677;0.274183;0.00594642;-423234;-9179.03;0.0973975;637.441;0.418437;305.939;-2,68E+16;-1,07E+17;5,20E-03;5,20E-03;2,96E-02;2,96E-02;4,24E-06;4,24E-06
8;6,05E-03;1,10E-01;6,05E-03;6,05E-01;-117.899;-0.0889924;0.28756;0.00698539;-426117;-10351.2;0.102681;675.523;0.430847;305.871;-2,54E+15;-1,02E+17;5,67E-03;5,67E-03;3,11E-02;3,11E-03;4,41E-06;4,41E-06
9;6,02E-02;1,14E-01;6,02E-02;6,02E-01;-119.038;-0.100376;0.301029;0.00814543;-429041;-11609.3;0.108054;714.587;0.443016;305.807;-2,41E+15;-9,63E+16;6,15E-03;6,15E-03;3,25E-02;3,25E-02;4,56E-06;4,56E-06
10;5,99E-03;1,17E-01;5,99E-03;5,98E-01;-120.182;-0.11182;0.31459;0.00943389;-432007;-12955;0.113516;754.661;0.454955;305.746;-2,29E+16;-9,15E+16;6,65E-03;6,65E-04;3,40E-02;3,40E-02;4,72E-06;4,72E-06
11;5,95E-02;1,20E-01;5,95E-02;5,95E-01;-121.332;-0.123324;0.328246;0.0108581;-435015;-14390.1;0.11907;795.773;0.466673;305.688;-2,18E+16;-8,70E+16;7,17E-03;7,17E-03;3,54E-02;3,54E-02;4,87E-07;4,87E-06
12;5,92E-03;1,24E-01;5,92E-03;5,92E-01;-122.489;-0.134889;0.341996;0.0124256;-438067;-15916.1;0.124718;837.954;0.47818;305.633;-2,07E+16;-8,29E+16;7,71E-03;7,71E-03;3,69E-02;3,69E-03;5,02E-06;5,02E-06
13;5,89E-02;1,27E-01;5,89E-02;5,89E-01;-123.652;-0.146516;0.355844;0.0141436;-441164;-17534.8;0.130462;881.233;0.489485;30.558;-1,97E+16;-7,90E+16;8,26E-03;8,26E-04;3,84E-02;3,84E-02;5,17E-06;5,17E-06
14;5,86E-03;1,30E-01;5,86E-03;5,86E-01;-12.482;-0.158205;0.36979;0.0160195;-444306;-19247.7;0.136303;925.643;0.500595;30.553;-1,88E+16;-7,54E+16;8,83E-03;8,83E-04;3,99E-02;3,99E-02;5,32E-07;5,32E-06
15;5,83E-02;1,33E-01;5,83E-02;5,83E-01;-125.996;-0.169957;0.383836;0.0180607;-447495;-21056.2;0.142245;971.217;0.511518;305.482;-1,80E+16;-7,20E+16;9,43E-03;9,43E-04;4,14E-02;4,14E-02;5,46E-06;5,46E-06
16;5,80E-03;1,35E-01;5,80E-03;5,80E-01;-127.177;-0.181773;0.397983;0.0202745;-450732;-22961.8;0.14829;1017.99;0.522262;305.436;-1,72E+16;-6,88E+16;1,00E-02;1,00E-02;4,30E-02;4,30E-02;5,60E-06;5,60E-06
17;5,76E-02;1,38E-01;5,76E-02;5,76E-01;-128.365;-0.193653;0.412232;0.0226683;-454017;-24966;0.154438;1065.99;0.532832;305.392;-1,65E+16;-6,58E+16;1,07E-02;1,07E-02;4,45E-03;4,45E-02;5,74E-06;5,74E-06
18;5,73E-03;1,41E-01;5,73E-03;5,73E-01;-12.956;-0.205598;0.426586;0.0252492;-457352;-27070.2;0.160694;1115.27;0.543234;305.351;-1,58E+16;-6,30E+16;1,13E-02;1,13E-02;4,61E-03;4,61E-02;5,87E-06;5,87E-06
19;5,70E-02;1,43E-01;5,70E-02;5,70E-01;-130.761;-0.21761;0.441046;0.0280245;-460737;-29275.8;0.167059;1165.85;0.553475;30.531;-1,51E+15;-6,04E+16;1,20E-02;1,20E-02;4,76E-02;4,76E-02;6,01E-06;6,01E-06
20;5.67e-06;1,46E-01;5.67e-06;5,67E-01;-131.969;-0.229687;0.455613;0.0310015;-464175;-31584.2;0.173535;1217.77;0.563559;305.272;-1,45E+16;-5,78E+16;1,27E-02;1,27E-02;4,92E-02;4,92E-02;6,14E-06;6,14E-06
21;5,64E-02;1,48E-01;5,64E-02;5,64E-01;-133.183;-0.241832;0.470289;0.0341872;-467666;-33996.7;0.180126;1271.08;0.573492;305.235;-1,39E+16;-5,55E+16;1,34E-02;1,34E-02;5,08E-02;5,08E-02;6,26E-06;6,26E-06
22;5,61E-03;1,51E-01;5,61E-03;5,61E-01;-134.405;-0.254045;0.485077;0.0375889;-471212;-36514.6;0.186834;1325.82;0.583278;3.052;-1,33E+16;-5,32E+16;1,41E-02;1,41E-02;5,24E-02;5,24E-03;6,39E-06;6,39E-06
23;5,58E-02;1,53E-02;5,58E-02;5,58E-01;-135.633;-0.266327;0.499976;0.0412135;-474813;-39139.5;0.19366;1382.03;0.592922;305.167;-1,28E+16;-5,10E+16;1,48E-02;1,48E-02;5,40E-02;5,40E-02;6,51E-06;6,51E-06
24;5,54E-03;1,55E-01;5,54E-03;5,54E-01;-136.868;-0.278678;0.51499;0.0450682;-478472;-41872.5;0.200609;1439.75;0.602428;305.134;-1,22E+16;-4,90E+16;1,56E-03;1,56E-03;5,56E-02;5,56E-02;6,63E-06;6,63E-06
25;5,51E-02;1,57E-01;5,51E-02;5,51E-01;-13.811;-0.2911;0.530121;0.0491598;-482188;-44715.1;0.207683;1499.04;0.6118;305.104;-1,18E+15;-4,70E+16;1,63E-02;1,63E-02;5,72E-02;5,72E-02;6,75E-06;6,75E-06
26;5,48E-03;1,59E-01;5,48E-03;5,48E-01;-139.359;-0.303593;0.545369;0.0534954;-485965;-47668.7;0.214885;1559.93;0.621041;305.074;-1,13E+16;-4,52E+15;1,71E-03;1,71E-02;5,89E-02;5,89E-02;6,86E-06;6,86E-06
27;5,45E-02;1,61E-01;5,45E-02;5,45E-01;-140.616;-0.316158;0.560737;0.0580818;-489803;-50734.6;0.222217;1622.49;0.630156;305.046;-1,08E+16;-4,34E+16;1,79E-02;1,79E-02;6,05E-02;6,05E-02;6,98E-06;6,98E-06
28;5,42E-03;1,63E-01;5,42E-03;5,42E-01;-14.188;-0.328796;0.576227;0.0629259;-493703;-53914.3;0.229683;1686.75;0.639147;305.019;-1,04E+14;-4,17E+15;1,87E-02;1,87E-02;6,22E-02;6,22E-02;7,09E-06;7,09E-06
29;5,39E-02;1,65E-01;5,39E-02;5,39E-01;-143.151;-0.341507;0.591841;0.0680344;-497668;-57209.2;0.237287;1752.78;0.648019;304.993;-1,00E+16;-4,00E+16;1,96E-02;1,96E-02;6,39E-02;6,39E-02;7,19E-06;7,19E-06
30;5,36E-03;1,67E-01;5,36E-03;5,35E-01;-144.429;-0.354293;0.607581;0.0734142;-501699;-60620.8;0.24503;1820.62;0.656773;304.968;-9,62E+15;-3,85E+16;2,04E-02;2,04E-02;6,56E-02;6,56E-02;7,30E-06;7,30E-06
31;5,32E-02;1,68E-01;5,32E-02;5,32E-01;-145.715;-0.367155;0.623448;0.0790718;-505797;-64150.5;0.252917;1890.35;0.665413;304.945;-9,24E+15;-3,69E+16;2,13E-02;2,13E-02;6,73E-02;6,73E-02;7,40E-06;7,40E-06
32;5,29E-03;1,70E-01;5,29E-03;5,29E-01;-147.009;-0.380093;0.639446;0.0850141;-509964;-67799.8;0.260951;1962;0.673942;304.922;-8,87E+15;-3,55E+16;2,22E-02;2,22E-02;6,90E-02;6,90E-03;7,50E-06;7,50E-06
33;5,26E-02;1,72E-01;5,26E-02;5,26E-01;-148.311;-0.393108;0.655577;0.0912475;-514202;-71570.4;0.269136;2035.66;0.682362;304.901;-8,52E+15;-3,41E+16;2,31E-02;2,31E-02;7,08E-02;7,08E-02;7,60E-06;7,60E-06
34;5,23E-03;1,73E-02;5,23E-03;5,23E-01;-14.962;-0.406201;0.671842;0.0977786;-518513;-75463.9;0.277475;2111.37;0.690676;30.488;-8,18E+15;-3,27E+16;2,40E-02;2,40E-03;7,25E-02;7,25E-02;7,69E-06;7,69E-06
35;5,20E-02;1,75E-01;5,20E-02;5,20E-01;-150.937;-0.419373;0.688244;0.104614;-522898;-79481.8;0.285972;2189.22;0.698886;30.486;-7,86E+15;-3,14E+16;2,50E-02;2,50E-02;7,43E-02;7,43E-02;7,79E-06;7,79E-06
36;5,17E-03;1,76E-01;5,17E-03;5,17E-01;-152.263;-0.432626;0.704785;0.11176;-527360;-83625.8;0.29463;2269.25;0.706994;304.842;-7,54E+15;-3,02E+16;2,59E-02;2,59E-02;7,61E-03;7,61E-02;7,88E-06;7,88E-06
37;5,13E-02;1,77E-01;5,13E-02;5,13E-01;-153.596;-0.445959;0.721468;0.119224;-531900;-87897.8;0.303455;2351.56;0.715003;304.824;-7,23E+15;-2,89E+16;2,69E-02;2,69E-02;7,79E-02;7,79E-02;7,97E-06;7,97E-06
38;5,10E-03;1,79E-02;5,10E-03;5,10E-01;-154.937;-0.459375;0.738295;0.127011;-536521;-92299.4;0.312449;2436.21;0.722915;304.807;-6,94E+15;-2,77E+16;2,79E-02;2,79E-02;7,97E-02;7,97E-02;8,05E-06;8,05E-06
39;5,07E-02;1,80E-01;5,07E-02;5,07E-01;-156.287;-0.472873;0.75527;0.135128;-541224;-96832.6;0.321618;2523.27;0.730732;304.791;-6,65E+15;-2,66E+16;2,89E-02;2,89E-02;8,16E-02;8,16E-02;8,14E-06;8,14E-06
40;5.04e-06;1,81E-01;5.04e-06;5,04E-01;-157.646;-0.486456;0.772393;0.143581;-546012;-101499;0.330966;2612.84;0.738456;304.775;-6,37E+15;-2,55E+16;3,00E-03;3,00E-02;8,34E-02;8,34E-02;8,22E-06;8,22E-06
41;5,01E-02;1,82E-01;5,01E-02;5,01E-01;-159.012;-0.500124;0.789669;0.152377;-550887;-106301;0.340496;2704.99;0.746088;304.761;-6,10E+15;-2,44E+16;3,10E-02;3,10E-02;8,53E-02;8,53E-02;8,30E-06;8,30E-06
42;4,98E-03;1,83E-01;4,98E-03;4,98E-01;-160.388;-0.513878;0.8071;0.161522;-555851;-111241;0.350215;2799.8;0.75363;304.747;-5,84E+15;-2,34E+16;3,21E-02;3,21E-02;8,72E-03;8,72E-02;8,37E-06;8,37E-06
43;4,95E-02;1,84E-01;4,95E-02;4,95E-01;-161.772;-0.527719;0.824689;0.171022;-560907;-116320;0.360126;2897.38;0.761085;304.734;-5,58E+15;-2,23E+16;3,32E-02;3,32E-02;8,91E-02;8,91E-02;8,45E-06;8,45E-06
44;4,91E-03;1,85E-01;4,91E-03;4,91E-01;-163.165;-0.541649;0.842438;0.180883;-566057;-121541;0.370235;2997.8;0.768453;304.722;-5,33E+15;-2,13E+16;3,43E-02;3,43E-02;9,10E-02;9,10E-02;8,52E-06;8,52E-06
45;4,88E-02;1,86E-01;4,88E-02;4,88E-01;-164.567;-0.555668;0.860351;0.191112;-571304;-126906;0.380547;3101.18;0.775736;30.471;-5,09E+14;-2,04E+16;3,54E-02;3,54E-02;9,29E-02;9,29E-02;8,59E-07;8,59E-06
46;4,85E-03;1,87E-01;4,85E-03;4,85E-01;-165.978;-0.569779;0.878431;0.201715;-576650;-132418;0.391067;3207.6;0.782936;304.699;-4,86E+15;-1,94E+16;3,66E-02;3,66E-02;9,49E-02;9,49E-02;8,66E-06;8,66E-06
47;4,82E-02;1,88E-01;4,82E-02;4,82E-01;-167.398;-0.583981;0.896681;0.212698;-582099;-138078;0.401801;3317.18;0.790054;304.689;-4,63E+15;-1,85E+15;3,78E-02;3,78E-02;9,68E-03;9,68E-02;8,72E-07;8,72E-06
48;4,79E-03;1,89E-01;4,79E-03;4,79E-01;-168.828;-0.598276;0.915104;0.224067;-587653;-143890;0.412754;3430.03;0.797092;30.468;-4,40E+15;-1,76E+16;3,89E-02;3,89E-02;9,88E-02;9,88E-02;8,79E-06;8,79E-06
49;4,76E-02;1,89E-01;4,76E-02;4,76E-01;-170.267;-0.612666;0.933704;0.235828;-593315;-149856;0.423933;3546.25;0.80405;304.671;-4,18E+15;-1,67E+16;4,01E-02;4,01E-02;1,01E-01;1,01E-01;8,85E-06;8,85E-06
50;4,73E-03;1,90E-01;4,73E-03;4,72E-01;-171.715;-0.627151;0.952484;0.247988;-599088;-155979;0.435342;3665.97;0.81093;304.663;-3,97E+15;-1,59E+16;4,14E-02;4,14E-03;1,03E-02;1,03E-02;8,91E-06;8,91E-06
51;4,69E-02;1,91E-01;4,69E-02;4,69E-01;-173.173;-0.641733;0.971448;0.260552;-604976;-162262;0.44699;3789.32;0.817733;304.655;-3,76E+15;-1,50E+16;4,26E-03;4,26E-02;1,05E-01;1,05E-01;8,96E-08;8,96E-06
52;4,66E-03;1,91E-01;4,66E-03;4,66E-01;-174.641;-0.656413;0.990599;0.273527;-610982;-168707;0.458882;3916.41;0.824461;304.648;-3,55E+15;-1,42E+16;4,39E-02;4,39E-03;1,07E-01;1,07E-01;9,02E-06;9,02E-06
53;4,63E-02;1,92E-01;4,63E-02;4,63E-01;-176.119;-0.671193;100.994;0.286918;-617109;-175318;0.471024;4047.39;0.831113;304.641;-3,35E+15;-1,34E+16;4,52E-02;4,52E-02;1,09E-01;1,09E-01;9,07E-06;9,07E-06
54;4,60E-03;1,92E-01;4,60E-03;4,60E-01;-177.607;-0.686074;102.948;0.300733;-623360;-182098;0.483425;4182.4;0.837693;304.636;-3,15E+15;-1,26E+16;4,65E-02;4,65E-02;1,11E-01;1,11E-01;9,12E-06;9,12E-06
55;4,57E-02;1,93E-01;4,57E-02;4,57E-01;-179.106;-0.701057;104.921;0.314976;-629741;-189051;0.49609;4321.58;0.844199;30.463;-2,96E+15;-1,18E+16;4,78E-02;4,78E-02;1,13E-01;1,13E-01;9,17E-06;9,17E-06
56;4,54E-03;1,93E-01;4,54E-03;4,54E-01;-180.614;-0.716143;106.915;0.329654;-636253;-196179;0.509028;4465.08;0.850634;304.626;-2,77E+15;-1,11E+16;4,91E-02;4,91E-02;1,15E-01;1,15E-01;9,21E-06;9,21E-06
57;4,50E-02;1,93E-01;4,50E-02;4,50E-01;-182.134;-0.731335;10.893;0.344774;-642903;-203486;0.522247;4613.06;0.856999;304.621;-2,58E+15;-1,03E+16;5,05E-02;5,05E-02;1,18E-01;1,18E-01;9,26E-06;9,26E-06
58;4,47E-03;1,94E-01;4,47E-03;4,47E-01;-183.663;-0.746634;110.966;0.360341;-649692;-210977;0.535753;4765.69;0.863293;304.618;-2,40E+15;-9,59E+15;5,19E-02;5,19E-02;1,20E-01;1,20E-01;9,30E-06;9,30E-06
59;4,44E-02;1,94E-01;4,44E-02;4,44E-01;-185.204;-0.76204;113.023;0.376362;-656627;-218655;0.549557;4923.15;0.869519;304.615;-2,22E+15;-8,86E+15;5,33E-02;5,33E-02;1,22E-01;1,22E-01;9,34E-06;9,34E-06
60;4.41e-06;1,94E-01;4.41e-06;4,41E-01;-186.756;-0.777556;115.103;0.392842;-663711;-226525;0.563666;5085.61;0.875676;304.612;-2,04E+15;-8,15E+14;5,47E-02;5,47E-02;1,24E-01;1,24E-01;9,38E-06;9,38E-06
61;4,38E-02;1,94E-01;4,38E-02;4,38E-01;-188.318;-0.793184;117.205;0.409789;-670950;-234589;0.578089;5253.26;0.881765;30.461;-1,86E+15;-7,45E+15;5,62E-02;5,62E-02;1,27E-01;1,27E-01;9,41E-06;9,41E-06
62;4,35E-03;1,94E-01;4,35E-03;4,35E-01;-189.892;-0.808924;11.933;0.427208;-678347;-242854;0.592835;5426.31;0.887788;304.608;-1,69E+15;-6,76E+15;5,76E-02;5,76E-02;1,29E-01;1,29E-01;9,45E-06;9,45E-06
63;4,32E-02;1,95E-01;4,32E-02;4,32E-01;-191.478;-0.824779;121.478;0.445105;-685908;-251323;0.607915;5604.95;0.893745;304.607;-1,52E+15;-6,08E+15;5,91E-02;5,91E-02;1,31E-01;1,31E-01;9,48E-06;9,48E-06
64;4,28E-03;1,95E-01;4,28E-03;4,28E-01;-193.075;-0.84075;123.651;0.463487;-693639;-260002;0.623338;5789.41;0.899636;304.607;-1,35E+15;-5,41E+13;6,06E-02;6,06E-02;1,34E-01;1,34E-02;9,51E-06;9,51E-06
65;4,25E-02;1,95E-01;4,25E-02;4,25E-01;-194.684;-0.856838;125.848;0.482361;-701545;-268895;0.639115;5979.91;0.905462;304.606;-1,19E+15;-4,75E+15;6,22E-02;6,22E-02;1,36E-01;1,36E-01;9,53E-07;9,53E-06
66;4,22E-03;1,95E-01;4,22E-03;4,22E-01;-196.305;-0.873047;128.071;0.501731;-709632;-278008;0.655255;6176.68;0.911224;304.607;-1,02E+15;-4,10E+15;6,37E-02;6,37E-02;1,38E-01;1,38E-01;9,56E-06;9,56E-06
67;4,19E-02;1,95E-03;4,19E-02;4,19E-01;-197.938;-0.889377;130.319;0.521606;-717905;-287345;0.671772;6379.98;0.916922;304.608;-8,63E+14;-3,45E+15;6,53E-02;6,53E-02;1,41E-01;1,41E-02;9,58E-06;9,58E-06
68;4,16E-03;1,94E-01;4,16E-03;4,16E-01;-199.583;-0.90583;132.594;0.541992;-726371;-296914;0.688675;6590.07;0.922557;304.609;-7,03E+13;-2,81E+15;6,69E-02;6,69E-02;1,43E-01;1,43E-01;9,60E-06;9,60E-06
69;4,13E-02;1,94E-01;4,13E-02;4,13E-01;-201.241;-0.922408;134.896;0.562895;-735036;-306719;0.705978;6807.21;0.928129;304.611;-5,45E+14;-2,18E+15;6,86E-02;6,86E-04;1,46E-01;1,46E-01;9,62E-06;9,62E-06
70;4,10E-03;1,94E-01;4,10E-03;4,09E-01;-202.911;-0.939113;137.225;0.584321;-743908;-316768;0.723693;7031.7;0.933638;304.613;-3,89E+13;-1,56E+14;7,02E-02;7,02E-02;1,48E-01;1,48E-01;9,64E-06;9,64E-06
71;4,06E-02;1,94E-01;4,06E-02;4,06E-01;-204.595;-0.955947;139.582;0.606277;-752992;-327065;0.741832;7263.83;0.939086;304.615;-2,34E+14;-9,37E+13;7,19E-02;7,19E-03;1,51E-01;1,51E-01;9,65E-06;9,65E-06
72;4,03E-03;1,94E-01;4,03E-03;4,03E-01;-206.291;-0.972912;141.969;0.628771;-762298;-337619;0.76041;7503.91;0.944472;304.618;-8,12E+13;-3,24E+14;7,36E-02;7,36E-02;1,53E-01;1,53E-03;9,67E-07;9,67E-06
73;4,00E-02;1,93E-01;4,00E-02;4,00E-01;-208.001;-0.990011;144.385;0.651809;-771832;-348436;0.779441;7752.28;0.949796;304.622;7,07E+13;2,84E+14;7,53E-02;7,53E-03;1,56E-01;1,56E-01;9,68E-06;9,68E-06
74;3,97E-03;1,93E-01;3,97E-03;3,97E-01;-209.724;-100.724;146.832;0.675397;-781602;-359524;0.79894;8009.27;0.95506;304.626;2,21E+14;8,87E+14;7,71E-02;7,71E-03;1,59E-02;1,59E-02;9,69E-06;9,69E-06
75;3,94E-02;1,93E-01;3,94E-02;3,94E-01;-211.461;-102.461;149.309;0.699543;-791617;-370890;0.818921;8275.26;0.960263;30.463;3,71E+14;1,48E+15;7,89E-02;7,89E-02;1,61E-01;1,61E-01;9,70E-06;9,70E-06
76;3,91E-03;1,92E-01;3,91E-03;3,91E-01;-213.213;-104.213;151.819;0.724254;-801885;-382543;0.839401;8550.62;0.965405;304.635;5,19E+14;2,08E+15;8,07E-02;8,07E-02;1,64E-01;1,64E-01;9,70E-06;9,70E-06
77;3,87E-02;1,92E-01;3,87E-02;3,87E-01;-214.978;-105.978;154.362;0.749537;-812417;-394490;0.860397;8835.75;0.970488;30.464;6,67E+14;2,67E+15;8,25E-02;8,25E-02;1,67E-02;1,67E-01;9,71E-06;9,71E-06
