i;dTdr;DT;r_hom_1st;r_het_1st;theta_1st;dfthetadr_1st;r_hom_2nd;r_het_2nd;theta_2nd;dfthetadr_2nd;sigma;surface_stress;gam_hom;dfgamdr_ana;GT_het;GT_het_2nd;DSv_hom;DSv_het;DSs_hom;DSs_het;DSc;GB;GS;GC;dDSv_homdr; Vm; Density; mu_Al 
1;646.441;0.101843;6.26850e-06;9.86304e-07;0.384357;-0.062325;6.26850e-06;6.26848e-06;3.06101;-15.9999;-1.3899;-0.0137956;0.312778;-534448;5.02241e-08;3.19203e-07;-1.08058e+06;-1.08058e+06;-5.24775e+06;-5.24771e+06;-12.2847;-110050;0.312778;-1.25111;3.19718e+12;5.07218e-06; 2.89129e+03; 210276
2;688.255;0.107886;6.23700e-06;1.02409e-06;0.397176;-0.0708277;6.23700e-06;6.23698e-06;3.06025;-15.9999;-1.40376;-0.0276607;0.329671;-538118;5.52421e-08;3.36443e-07;-1.17023e+06;-1.17022e+06;-4.98785e+06;-4.9878e+06;-12.2229;-126251;0.329671;-1.31868;2.84593e+12;5.07228e-06; 2.89124e+03; 191639
3;731.131;0.114028;6.20550e-06;1.06087e-06;0.409727;-0.079943;6.20550e-06;6.20548e-06;3.05952;-15.9999;-1.4177;-0.041596;0.34668;-541841;6.04845e-08;3.53802e-07;-1.25038e+06;-1.25037e+06;-4.75181e+06;-4.75177e+06;-12.1612;-142579;0.34668;-1.38672;2.54443e+12;5.07238e-06; 2.89118e+03; 173165
4;775.101;0.120272;6.17400e-06;1.09668e-06;0.422023;-0.0896734;6.17400e-06;6.17398e-06;3.05884;-15.9999;-1.4317;-0.0556022;0.363807;-545616;6.59499e-08;3.71281e-07;-1.32232e+06;-1.32231e+06;-4.53652e+06;-4.53648e+06;-12.0995;-159039;0.363807;-1.45523;2.28394e+12;5.07248e-06; 2.89112e+03; 154750
5;820.194;0.12662;6.14250e-06;1.13153e-06;0.434076;-0.10002;6.14250e-06;6.14248e-06;3.05819;-15.9999;-1.44578;-0.06968;0.381054;-549446;7.16370e-08;3.88882e-07;-1.38714e+06;-1.38712e+06;-4.33934e+06;-4.3393e+06;-12.0377;-175639;0.381054;-1.52422;2.05753e+12;5.07259e-06; 2.89106e+03; 136306
6;866.443;0.133074;6.11100e-06;1.16544e-06;0.445898;-0.110983;6.11100e-06;6.11098e-06;3.05757;-15.9999;-1.45993;-0.0838303;0.398423;-553332;7.75446e-08;4.06608e-07;-1.44572e+06;-1.4457e+06;-4.15809e+06;-4.15805e+06;-11.976;-192387;0.398423;-1.59369;1.85965e+12;5.07269e-06; 2.89100e+03; 117752
7;913.879;0.139636;6.07950e-06;1.19843e-06;0.457498;-0.122561;6.07950e-06;6.07948e-06;3.05698;-15.9998;-1.47415;-0.0980536;0.415915;-557274;8.36714e-08;4.24459e-07;-1.49882e+06;-1.49881e+06;-3.99091e+06;-3.99087e+06;-11.9143;-209289;0.415915;-1.66366;1.68586e+12;5.07280e-06; 2.89094e+03; 99017.3
8;962.537;0.146308;6.04800e-06;1.23051e-06;0.468886;-0.134753;6.04800e-06;6.04798e-06;3.05642;-15.9998;-1.48845;-0.112351;0.433531;-561274;9.00164e-08;4.42438e-07;-1.54709e+06;-1.54708e+06;-3.83624e+06;-3.8362e+06;-11.8525;-226353;0.433531;-1.73413;1.53250e+12;5.07291e-06; 2.89088e+03; 80035.3
9;1012.45;0.153094;6.01650e-06;1.26170e-06;0.480072;-0.147554;6.01650e-06;6.01648e-06;3.05588;-15.9998;-1.50282;-0.126723;0.451275;-565334;9.65786e-08;4.60546e-07;-1.59109e+06;-1.59107e+06;-3.69272e+06;-3.69269e+06;-11.7908;-243586;0.451275;-1.8051;1.39660e+12;5.07302e-06; 2.89082e+03; 60745.2
10;1063.66;0.159995;5.98500e-06;1.29201e-06;0.491062;-0.160963;5.98500e-06;5.98498e-06;3.05537;-15.9998;-1.51727;-0.14117;0.469148;-569454;1.03357e-07;4.78786e-07;-1.63127e+06;-1.63125e+06;-3.5592e+06;-3.55916e+06;-11.7291;-260995;0.469148;-1.87659;1.27569e+12;5.07313e-06; 2.89075e+03; 41089.5
11;1116.19;0.167014;5.95350e-06;1.32147e-06;0.501865;-0.174973;5.95350e-06;5.95348e-06;3.05489;-15.9998;-1.53179;-0.155694;0.487151;-573636;1.10351e-07;4.97159e-07;-1.66805e+06;-1.66804e+06;-3.43466e+06;-3.43463e+06;-11.6673;-278588;0.487151;-1.94861;1.16773e+12;5.07324e-06; 2.89069e+03; 21013.7
12;1170.1;0.174153;5.92200e-06;1.35008e-06;0.512487;-0.18958;5.92200e-06;5.92198e-06;3.05442;-15.9998;-1.54639;-0.170294;0.505288;-577881;1.17560e-07;5.15668e-07;-1.70179e+06;-1.70177e+06;-3.31824e+06;-3.31821e+06;-11.6056;-296372;0.505288;-2.02115;1.07100e+12;5.07336e-06; 2.89062e+03; 465.196
13;1225.41;0.181415;5.89050e-06;1.37786e-06;0.522935;-0.204778;5.89050e-06;5.89048e-06;3.05397;-15.9998;-1.56107;-0.184973;0.523559;-582191;1.24982e-07;5.34315e-07;-1.73279e+06;-1.73277e+06;-3.20917e+06;-3.20913e+06;-11.5439;-314354;0.523559;-2.09423;9.84055e+11;5.07348e-06; 2.89056e+03; -20606.9
14;1282.17;0.188803;5.85900e-06;1.40484e-06;0.533215;-0.22056;5.85900e-06;5.85898e-06;3.05355;-15.9998;-1.57583;-0.19973;0.541966;-586567;1.32618e-07;5.53101e-07;-1.76132e+06;-1.7613e+06;-3.10677e+06;-3.10673e+06;-11.4822;-332542;0.541966;-2.16787;9.05671e+11;5.07360e-06; 2.89049e+03; -42252.7
15;1340.42;0.19632;5.82750e-06;1.43101e-06;0.543333;-0.236919;5.82750e-06;5.82748e-06;3.05314;-15.9998;-1.59067;-0.214567;0.560513;-591011;1.40467e-07;5.72028e-07;-1.78761e+06;-1.78759e+06;-3.01045e+06;-3.01042e+06;-11.4204;-350944;0.560513;-2.24205;8.34808e+11;5.07372e-06; 2.89042e+03; -64521.6
16;1400.21;0.203967;5.79600e-06;1.45640e-06;0.553294;-0.253848;5.79600e-06;5.79598e-06;3.05275;-15.9998;-1.60558;-0.229484;0.579201;-595524;1.48528e-07;5.91100e-07;-1.81189e+06;-1.81187e+06;-2.9197e+06;-2.91967e+06;-11.3587;-369566;0.579201;-2.3168;7.70578e+11;5.07384e-06; 2.89035e+03; -87462.8
17;1461.58;0.21175;5.76450e-06;1.48101e-06;0.563102;-0.271339;5.76450e-06;5.76448e-06;3.05238;-15.9998;-1.62058;-0.244483;0.598032;-600108;1.56801e-07;6.10318e-07;-1.83432e+06;-1.8343e+06;-2.83405e+06;-2.83401e+06;-11.297;-388417;0.598032;-2.39213;7.12217e+11;5.07397e-06; 2.89027e+03; -111126
18;1524.57;0.219669;5.73300e-06;1.50487e-06;0.572764;-0.289382;5.73300e-06;5.73298e-06;3.05202;-15.9998;-1.63566;-0.259563;0.617008;-604765;1.65286e-07;6.29684e-07;-1.85508e+06;-1.85506e+06;-2.75307e+06;-2.75304e+06;-11.2352;-407504;0.617008;-2.46803;6.59066e+11;5.07410e-06; 2.89020e+03; -135561
19;1589.24;0.227729;5.70150e-06;1.52798e-06;0.582282;-0.30797;5.70150e-06;5.70148e-06;3.05168;-15.9998;-1.65083;-0.274727;0.636132;-609495;1.73983e-07;6.49201e-07;-1.87432e+06;-1.87429e+06;-2.6764e+06;-2.67637e+06;-11.1735;-426836;0.636132;-2.54453;6.10555e+11;5.07423e-06; 2.89013e+03; -160818
20;1655.64;0.235933;5.67000e-06;1.55036e-06;0.591662;-0.327093;5.67000e-06;5.66998e-06;3.05135;-15.9998;-1.66607;-0.289975;0.655407;-614302;1.82890e-07;6.68872e-07;-1.89215e+06;-1.89213e+06;-2.60372e+06;-2.60368e+06;-11.1118;-446420;0.655407;-2.62163;5.66186e+11;5.07436e-06; 2.89005e+03; -186948
21;1723.81;0.244283;5.63850e-06;1.57202e-06;0.600907;-0.346742;5.63850e-06;5.63848e-06;3.05103;-15.9998;-1.68141;-0.305308;0.674834;-619186;1.92009e-07;6.88698e-07;-1.9087e+06;-1.90868e+06;-2.5347e+06;-2.53467e+06;-11.05;-466264;0.674834;-2.69934;5.25529e+11;5.07450e-06; 2.88997e+03; -214006
22;1793.82;0.252784;5.60700e-06;1.59297e-06;0.610022;-0.366906;5.60700e-06;5.60698e-06;3.05073;-15.9998;-1.69683;-0.320726;0.694416;-624150;2.01339e-07;7.08683e-07;-1.92408e+06;-1.92406e+06;-2.4691e+06;-2.46907e+06;-10.9883;-486377;0.694416;-2.77767;4.88203e+11;5.07464e-06; 2.88989e+03; -242044
23;1865.72;0.261439;5.57550e-06;1.61323e-06;0.619009;-0.387576;5.57550e-06;5.57548e-06;3.05045;-15.9998;-1.71233;-0.336232;0.714156;-629195;2.10880e-07;7.28828e-07;-1.93838e+06;-1.93835e+06;-2.40666e+06;-2.40663e+06;-10.9266;-506767;0.714156;-2.85663;4.53877e+11;5.07478e-06; 2.88981e+03; -271118
24;1939.56;0.27025;5.54400e-06;1.63280e-06;0.627872;-0.408743;5.54400e-06;5.54398e-06;3.05017;-15.9998;-1.72793;-0.351825;0.734056;-634323;2.20632e-07;7.49137e-07;-1.95168e+06;-1.95166e+06;-2.34717e+06;-2.34714e+06;-10.8648;-527443;0.734056;-2.93623;4.22258e+11;5.07492e-06; 2.88973e+03; -301286
25;2015.41;0.279223;5.51250e-06;1.65170e-06;0.636614;-0.430394;5.51250e-06;5.51248e-06;3.04991;-15.9998;-1.74361;-0.367507;0.754119;-639538;2.30596e-07;7.69613e-07;-1.96406e+06;-1.96404e+06;-2.29042e+06;-2.29039e+06;-10.8031;-548412;0.754119;-3.01648;3.93086e+11;5.07507e-06; 2.88965e+03; -332608
26;2093.33;0.288361;5.48100e-06;1.66993e-06;0.645239;-0.45252;5.48100e-06;5.48098e-06;3.04965;-15.9998;-1.75938;-0.383279;0.774348;-644839;2.40771e-07;7.90257e-07;-1.9756e+06;-1.97557e+06;-2.23622e+06;-2.23619e+06;-10.7414;-569685;0.774348;-3.09739;3.66132e+11;5.07522e-06; 2.88956e+03; -365146
27;2173.38;0.297667;5.44950e-06;1.68752e-06;0.653749;-0.47511;5.44950e-06;5.44948e-06;3.04941;-15.9998;-1.77524;-0.399142;0.794745;-650231;2.51159e-07;8.11073e-07;-1.98634e+06;-1.98632e+06;-2.18442e+06;-2.18439e+06;-10.6796;-591270;0.794745;-3.17898;3.41193e+11;5.07537e-06; 2.88948e+03; -398962
28;2255.63;0.307147;5.41800e-06;1.70446e-06;0.662147;-0.498153;5.41800e-06;5.41798e-06;3.04918;-15.9998;-1.7912;-0.415097;0.815313;-655714;2.61759e-07;8.32064e-07;-1.99636e+06;-1.99634e+06;-2.13486e+06;-2.13483e+06;-10.6179;-613176;0.815313;-3.26125;3.18087e+11;5.07552e-06; 2.88939e+03; -434126
29;2340.14;0.316803;5.38650e-06;1.72077e-06;0.670435;-0.521638;5.38650e-06;5.38648e-06;3.04896;-15.9998;-1.80725;-0.431145;0.836056;-661292;2.72572e-07;8.53233e-07;-2.00571e+06;-2.00568e+06;-2.08739e+06;-2.08736e+06;-10.5562;-635414;0.836056;-3.34422;2.96653e+11;5.07568e-06; 2.88930e+03; -470705
30;2427;0.32664;5.35500e-06;1.73646e-06;0.678617;-0.545554;5.35500e-06;5.35498e-06;3.04875;-15.9998;-1.82339;-0.447287;0.856976;-666966;2.83598e-07;8.74582e-07;-2.01443e+06;-2.0144e+06;-2.0419e+06;-2.04187e+06;-10.4944;-657992;0.856976;-3.4279;2.76745e+11;5.07584e-06; 2.88921e+03; -508774
31;2516.27;0.336663;5.32350e-06;1.75154e-06;0.686694;-0.569889;5.32350e-06;5.32348e-06;3.04855;-15.9998;-1.83962;-0.463524;0.878076;-672740;2.94839e-07;8.96116e-07;-2.02256e+06;-2.02253e+06;-1.99826e+06;-1.99823e+06;-10.4327;-680920;0.878076;-3.5123;2.58233e+11;5.07600e-06; 2.88912e+03; -548407
32;2608.04;0.346875;5.29200e-06;1.76602e-06;0.694669;-0.594634;5.29200e-06;5.29198e-06;3.04836;-15.9998;-1.85596;-0.479858;0.899359;-678615;3.06294e-07;9.17837e-07;-2.03015e+06;-2.03012e+06;-1.95636e+06;-1.95634e+06;-10.371;-704210;0.899359;-3.59744;2.41002e+11;5.07617e-06; 2.88902e+03; -589686
33;2702.37;0.357283;5.26050e-06;1.77991e-06;0.702544;-0.619775;5.26050e-06;5.26048e-06;3.04817;-15.9998;-1.87239;-0.496289;0.92083;-684594;3.17965e-07;9.39748e-07;-2.03724e+06;-2.03721e+06;-1.91611e+06;-1.91608e+06;-10.3092;-727870;0.92083;-3.68332;2.24944e+11;5.07634e-06; 2.88893e+03; -632692
34;2799.37;0.36789;5.22900e-06;1.79322e-06;0.710322;-0.645302;5.22900e-06;5.22897e-06;3.048;-15.9998;-1.88892;-0.512819;0.94249;-690681;3.29853e-07;9.61853e-07;-2.04385e+06;-2.04382e+06;-1.87741e+06;-1.87738e+06;-10.2475;-751913;0.94249;-3.76996;2.09967e+11;5.07651e-06; 2.88883e+03; -677513
35;2899.1;0.378702;5.19750e-06;1.80595e-06;0.718003;-0.671203;5.19750e-06;5.19747e-06;3.04783;-15.9998;-1.90555;-0.529449;0.964343;-696877;3.41958e-07;9.84156e-07;-2.05002e+06;-2.05e+06;-1.84017e+06;-1.84015e+06;-10.1858;-776348;0.964343;-3.85737;1.95983e+11;5.07669e-06; 2.88873e+03; -724240
36;3001.66;0.389723;5.16600e-06;1.81812e-06;0.725591;-0.697467;5.16600e-06;5.16597e-06;3.04768;-15.9998;-1.92228;-0.54618;0.986394;-703186;3.54281e-07;1.00666e-06;-2.05579e+06;-2.05576e+06;-1.80432e+06;-1.80429e+06;-10.124;-801188;0.986394;-3.94558;1.82916e+11;5.07687e-06; 2.88863e+03; -772971
37;3107.15;0.400959;5.13450e-06;1.82973e-06;0.733086;-0.724082;5.13450e-06;5.13447e-06;3.04753;-15.9998;-1.93911;-0.563013;1.00865;-709610;3.66824e-07;1.02937e-06;-2.06116e+06;-2.06113e+06;-1.76978e+06;-1.76975e+06;-10.0623;-826443;1.00865;-4.03458;1.70694e+11;5.07705e-06; 2.88852e+03; -823805
38;3215.66;0.412416;5.10300e-06;1.84080e-06;0.740491;-0.751038;5.10300e-06;5.10297e-06;3.04738;-15.9998;-1.95605;-0.57995;1.0311;-716153;3.79587e-07;1.05228e-06;-2.06618e+06;-2.06615e+06;-1.73648e+06;-1.73646e+06;-10.0006;-852126;1.0311;-4.1244;1.59254e+11;5.07723e-06; 2.88842e+03; -876849
39;3327.29;0.424099;5.07150e-06;1.85133e-06;0.747807;-0.778322;5.07150e-06;5.07147e-06;3.04725;-15.9998;-1.97309;-0.596992;1.05376;-722818;3.92572e-07;1.07541e-06;-2.07086e+06;-2.07083e+06;-1.70436e+06;-1.70434e+06;-9.93885;-878249;1.05376;-4.21506;1.48538e+11;5.07742e-06; 2.88831e+03; -932214
40;3442.15;0.436013;5.04000e-06;1.86132e-06;0.755036;-0.805922;5.04000e-06;5.03997e-06;3.04712;-15.9998;-1.99024;-0.614139;1.07664;-729609;4.05780e-07;1.09876e-06;-2.07522e+06;-2.07519e+06;-1.67336e+06;-1.67334e+06;-9.87712;-904824;1.07664;-4.30656;1.38492e+11;5.07762e-06; 2.88820e+03; -990018
41;3560.34;0.448166;5.00850e-06;1.87080e-06;0.76218;-0.833828;5.00850e-06;5.00848e-06;3.047;-15.9998;-2.00749;-0.631395;1.09973;-736528;4.19213e-07;1.12233e-06;-2.07929e+06;-2.07926e+06;-1.64343e+06;-1.6434e+06;-9.81539;-931866;1.09973;-4.39892;1.29067e+11;5.07782e-06; 2.88809e+03; -1.05038e+06
42;3681.98;0.460562;4.97700e-06;1.87976e-06;0.769239;-0.862028;4.97700e-06;4.97698e-06;3.04689;-15.9998;-2.02486;-0.648759;1.12304;-743580;4.32872e-07;1.14612e-06;-2.08307e+06;-2.08304e+06;-1.6145e+06;-1.61448e+06;-9.75366;-959386;1.12304;-4.49217;1.20221e+11;5.07802e-06; 2.88797e+03; -1.11344e+06
43;3807.18;0.473209;4.94550e-06;1.88821e-06;0.776216;-0.890511;4.94550e-06;4.94548e-06;3.04678;-15.9998;-2.04233;-0.666233;1.14658;-750767;4.46759e-07;1.17013e-06;-2.0866e+06;-2.08657e+06;-1.58654e+06;-1.58652e+06;-9.69192;-987398;1.14658;-4.58631;1.11911e+11;5.07822e-06; 2.88785e+03; -1.17933e+06
44;3936.07;0.486113;4.91400e-06;1.89616e-06;0.783111;-0.919264;4.91400e-06;4.91398e-06;3.04668;-15.9998;-2.05992;-0.683819;1.17034;-758094;4.60875e-07;1.19439e-06;-2.08988e+06;-2.08985e+06;-1.5595e+06;-1.55948e+06;-9.63019;-1.01592e+06;1.17034;-4.68137;1.04101e+11;5.07843e-06; 2.88773e+03; -1.24819e+06
45;4068.77;0.499281;4.88250e-06;1.90362e-06;0.789927;-0.948277;4.88250e-06;4.88248e-06;3.04659;-15.9998;-2.07762;-0.701519;1.19434;-765565;4.75221e-07;1.21888e-06;-2.09293e+06;-2.09289e+06;-1.53333e+06;-1.53331e+06;-9.56846;-1.04496e+06;1.19434;-4.77735;9.67560e+10;5.07865e-06; 2.88761e+03; -1.32018e+06
46;4205.42;0.51272;4.85100e-06;1.91060e-06;0.796664;-0.977538;4.85100e-06;4.85098e-06;3.0465;-15.9998;-2.09543;-0.719332;1.21857;-773183;4.89801e-07;1.24361e-06;-2.09576e+06;-2.09572e+06;-1.508e+06;-1.50798e+06;-9.50673;-1.07454e+06;1.21857;-4.87429;8.98453e+10;5.07887e-06; 2.88749e+03; -1.39545e+06
47;4346.15;0.526438;4.81950e-06;1.91710e-06;0.803323;-1.00704;4.81950e-06;4.81948e-06;3.04642;-15.9998;-2.11336;-0.737262;1.24305;-780954;5.04616e-07;1.26859e-06;-2.09838e+06;-2.09835e+06;-1.48347e+06;-1.48345e+06;-9.445;-1.10467e+06;1.24305;-4.9722;8.33398e+10;5.07909e-06; 2.88736e+03; -1.47418e+06
48;4491.12;0.540441;4.78800e-06;1.92312e-06;0.809905;-1.03676;4.78800e-06;4.78798e-06;3.04635;-15.9998;-2.13141;-0.75531;1.26778;-788881;5.19667e-07;1.29382e-06;-2.10081e+06;-2.10078e+06;-1.4597e+06;-1.45968e+06;-9.38326;-1.13537e+06;1.26778;-5.0711;7.72128e+10;5.07932e-06; 2.88723e+03; -1.55655e+06
49;4640.45;0.554738;4.75650e-06;1.92868e-06;0.816412;-1.0667;4.75650e-06;4.75648e-06;3.04628;-15.9998;-2.14958;-0.773476;1.29275;-796969;5.34958e-07;1.31931e-06;-2.10306e+06;-2.10303e+06;-1.43666e+06;-1.43664e+06;-9.32153;-1.16665e+06;1.29275;-5.17101;7.14397e+10;5.07955e-06; 2.88710e+03; -1.64274e+06
50;4794.32;0.569337;4.72500e-06;1.93379e-06;0.822845;-1.09684;4.72500e-06;4.72498e-06;3.04621;-15.9998;-2.16786;-0.791763;1.31799;-805222;5.50489e-07;1.34506e-06;-2.10514e+06;-2.10511e+06;-1.41432e+06;-1.4143e+06;-9.2598;-1.19853e+06;1.31799;-5.27194;6.59978e+10;5.07979e-06; 2.88696e+03; -1.73295e+06
51;4952.89;0.584245;4.69350e-06;1.93844e-06;0.829205;-1.12717;4.69350e-06;4.69348e-06;3.04616;-15.9998;-2.18627;-0.810173;1.34348;-813647;5.66264e-07;1.37109e-06;-2.10706e+06;-2.10703e+06;-1.39265e+06;-1.39262e+06;-9.19807;-1.23104e+06;1.34348;-5.37393;6.08662e+10;5.08003e-06; 2.88683e+03; -1.82741e+06
52;5116.32;0.599473;4.66200e-06;1.94265e-06;0.835492;-1.15768;4.66200e-06;4.66198e-06;3.0461;-15.9998;-2.20481;-0.828707;1.36925;-822246;5.82285e-07;1.39738e-06;-2.10882e+06;-2.10879e+06;-1.37162e+06;-1.37159e+06;-9.13634;-1.26418e+06;1.36925;-5.47699;5.60254e+10;5.08028e-06; 2.88669e+03; -1.92632e+06
53;5284.79;0.615029;4.63050e-06;1.94642e-06;0.841708;-1.18836;4.63050e-06;4.63048e-06;3.04606;-15.9998;-2.22347;-0.847366;1.39529;-831027;5.98555e-07;1.42395e-06;-2.11045e+06;-2.11041e+06;-1.3512e+06;-1.35118e+06;-9.0746;-1.29798e+06;1.39529;-5.58114;5.14575e+10;5.08053e-06; 2.88654e+03; -2.02993e+06
54;5458.48;0.630921;4.59900e-06;1.94976e-06;0.847853;-1.2192;4.59900e-06;4.59898e-06;3.04602;-15.9998;-2.24225;-0.866152;1.4216;-839994;6.15075e-07;1.45081e-06;-2.11193e+06;-2.1119e+06;-1.33138e+06;-1.33136e+06;-9.01287;-1.33246e+06;1.4216;-5.68641;4.71457e+10;5.08079e-06; 2.88639e+03; -2.13849e+06
55;5637.6;0.647161;4.56750e-06;1.95268e-06;0.853928;-1.25019;4.56750e-06;4.56748e-06;3.04598;-15.9998;-2.26117;-0.885068;1.44821;-849154;6.31850e-07;1.47796e-06;-2.11329e+06;-2.11325e+06;-1.31212e+06;-1.3121e+06;-8.95114;-1.36764e+06;1.44821;-5.79283;4.30745e+10;5.08106e-06; 2.88624e+03; -2.25227e+06
56;5822.32;0.663757;4.53600e-06;1.95517e-06;0.859934;-1.28131;4.53600e-06;4.53598e-06;3.04595;-15.9997;-2.28021;-0.904115;1.4751;-858511;6.48881e-07;1.50541e-06;-2.11452e+06;-2.11449e+06;-1.29341e+06;-1.29339e+06;-8.88941;-1.40353e+06;1.4751;-5.90041;3.92297e+10;5.08133e-06; 2.88609e+03; -2.37153e+06
57;6012.88;0.680721;4.50450e-06;1.95725e-06;0.865872;-1.31256;4.50450e-06;4.50448e-06;3.04593;-15.9997;-2.29939;-0.923294;1.5023;-868073;6.66172e-07;1.53316e-06;-2.11564e+06;-2.11561e+06;-1.27523e+06;-1.27521e+06;-8.82768;-1.44016e+06;1.5023;-6.00918;3.55977e+10;5.08160e-06; 2.88593e+03; -2.4966e+06
58;6209.48;0.698062;4.47300e-06;1.95892e-06;0.871743;-1.34392;4.47300e-06;4.47298e-06;3.0459;-15.9997;-2.31871;-0.942608;1.52979;-877846;6.83725e-07;1.56122e-06;-2.11666e+06;-2.11662e+06;-1.25755e+06;-1.25753e+06;-8.76594;-1.47756e+06;1.52979;-6.11917;3.21662e+10;5.08188e-06; 2.88577e+03; -2.62777e+06
59;6412.35;0.715792;4.44150e-06;1.96019e-06;0.877546;-1.37538;4.44150e-06;4.44148e-06;3.04589;-15.9997;-2.33816;-0.962058;1.5576;-887835;7.01545e-07;1.58960e-06;-2.11757e+06;-2.11754e+06;-1.24035e+06;-1.24033e+06;-8.70421;-1.51574e+06;1.5576;-6.23041;2.89235e+10;5.08217e-06; 2.88561e+03; -2.76538e+06
60;6621.74;0.733923;4.41000e-06;1.96106e-06;0.883284;-1.40694;4.41000e-06;4.40998e-06;3.04588;-15.9997;-2.35775;-0.981647;1.58573;-898049;7.19635e-07;1.61831e-06;-2.11838e+06;-2.11835e+06;-1.22363e+06;-1.22361e+06;-8.64248;-1.55473e+06;1.58573;-6.34291;2.58589e+10;5.08247e-06; 2.88544e+03; -2.9098e+06
61;6837.89;0.752466;4.37850e-06;1.96153e-06;0.888955;-1.43857;4.37850e-06;4.37848e-06;3.04587;-15.9997;-2.37748;-1.00138;1.61418;-908494;7.37997e-07;1.64735e-06;-2.11911e+06;-2.11907e+06;-1.20736e+06;-1.20734e+06;-8.58075;-1.59456e+06;1.61418;-6.45672;2.29621e+10;5.08277e-06; 2.88527e+03; -3.0614e+06
62;7061.06;0.771435;4.34700e-06;1.96163e-06;0.894562;-1.47028;4.34700e-06;4.34698e-06;3.04587;-15.9997;-2.39735;-1.02125;1.64297;-919179;7.56636e-07;1.67672e-06;-2.11974e+06;-2.11971e+06;-1.19152e+06;-1.1915e+06;-8.51902;-1.63524e+06;1.64297;-6.57186;2.02239e+10;5.08308e-06; 2.88509e+03; -3.22057e+06
63;7291.52;0.790841;4.31550e-06;1.96133e-06;0.900105;-1.50204;4.31550e-06;4.31548e-06;3.04588;-15.9997;-2.41736;-1.04126;1.67209;-930110;7.75556e-07;1.70645e-06;-2.1203e+06;-2.12027e+06;-1.1761e+06;-1.17608e+06;-8.45728;-1.67682e+06;1.67209;-6.68837;1.76354e+10;5.08340e-06; 2.88492e+03; -3.38776e+06
64;7529.57;0.810699;4.28400e-06;1.96067e-06;0.905583;-1.53385;4.28400e-06;4.28398e-06;3.04588;-15.9997;-2.43753;-1.06143;1.70157;-941296;7.94759e-07;1.73653e-06;-2.12078e+06;-2.12074e+06;-1.16109e+06;-1.16107e+06;-8.39555;-1.71931e+06;1.70157;-6.80626;1.51883e+10;5.08372e-06; 2.88473e+03; -3.5634e+06
65;7775.5;0.831021;4.25250e-06;1.95963e-06;0.910998;-1.5657;4.25250e-06;4.25248e-06;3.0459;-15.9997;-2.45784;-1.08174;1.7314;-952745;8.14252e-07;1.76697e-06;-2.12118e+06;-2.12115e+06;-1.14647e+06;-1.14646e+06;-8.33382;-1.76275e+06;1.7314;-6.92558;1.28750e+10;5.08405e-06; 2.88454e+03; -3.74799e+06
66;8029.62;0.851824;4.22100e-06;1.95823e-06;0.91635;-1.59758;4.22100e-06;4.22098e-06;3.04591;-15.9997;-2.4783;-1.1022;1.76159;-964467;8.34037e-07;1.79778e-06;-2.12152e+06;-2.12149e+06;-1.13224e+06;-1.13222e+06;-8.27209;-1.80716e+06;1.76159;-7.04636;1.06883e+10;5.08439e-06; 2.88435e+03; -3.94203e+06
67;8292.26;0.873122;4.18950e-06;1.95646e-06;0.921639;-1.62947;4.18950e-06;4.18948e-06;3.04593;-15.9997;-2.49892;-1.12282;1.79216;-976470;8.54119e-07;1.82898e-06;-2.12179e+06;-2.12176e+06;-1.11837e+06;-1.11835e+06;-8.21036;-1.85258e+06;1.79216;-7.16864;8.62126e+09;5.08474e-06; 2.88415e+03; -4.14607e+06
68;8563.76;0.89493;4.15800e-06;1.95434e-06;0.926866;-1.66137;4.15800e-06;4.15798e-06;3.04596;-15.9997;-2.51969;-1.14359;1.82311;-988764;8.74503e-07;1.86057e-06;-2.122e+06;-2.12197e+06;-1.10485e+06;-1.10483e+06;-8.14862;-1.89904e+06;1.82311;-7.29245;6.66767e+09;5.08509e-06; 2.88395e+03; -4.36071e+06
69;8844.49;0.917265;4.12650e-06;1.95186e-06;0.932032;-1.69326;4.12650e-06;4.12648e-06;3.04599;-15.9998;-2.54062;-1.16452;1.85446;-1.00136e+06;8.95194e-07;1.89256e-06;-2.12215e+06;-2.12212e+06;-1.09168e+06;-1.09166e+06;-8.08689;-1.94658e+06;1.85446;-7.41782;4.82154e+09;5.08546e-06; 2.88375e+03; -4.58654e+06
70;9134.83;0.940143;4.09500e-06;1.94904e-06;0.937136;-1.72513;4.09500e-06;4.09498e-06;3.04603;-15.9998;-2.56171;-1.18561;1.8862;-1.01427e+06;9.16196e-07;1.92495e-06;-2.12225e+06;-2.12222e+06;-1.07884e+06;-1.07883e+06;-8.02516;-1.99522e+06;1.8862;-7.5448;3.07727e+09;5.08583e-06; 2.88353e+03; -4.82424e+06
71;9435.16;0.963584;4.06350e-06;1.94588e-06;0.942178;-1.75697;4.06350e-06;4.06348e-06;3.04606;-15.9998;-2.58296;-1.20686;1.91836;-1.0275e+06;9.37514e-07;1.95777e-06;-2.1223e+06;-2.12226e+06;-1.06633e+06;-1.06631e+06;-7.96343;-2.04501e+06;1.91836;-7.67343;1.42962e+09;5.08621e-06; 2.88332e+03; -5.07451e+06
38.5;3294;0.420615;5.08089e-06;1.84819e-06;0.745625;-0.770117;5.08089e-06;5.08087e-06;3.04729;-15.9998;-1.96801;-0.591909;1.04701;-720831;3.88700e-07;1.06852e-06;-2.06946e+06;-2.06943e+06;-1.71394e+06;-1.71392e+06;-9.95726;-870458;1.04701;-4.18802;1.51734e+11; 5.07737e-06;2.88834e+03; -9.15703e+05 
