i;dTdr;DT;r_hom_1st;r_het_1st;theta_1st;dfthetadr_1st;r_hom_2nd;r_het_2nd;theta_2nd;dfthetadr_2nd;sigma;surface_stress;gam_hom;dfgamdr_ana;GT_het;GT_het_2nd;DSv_hom;DSv_het;DSs_hom;DSs_het;DSc;GB;GS;GC;dDSv_homdr 
1;443.579;0.0698834;6.26850e-06;7.33440e-07;0.306408;-0.0256285;6.26850e-06;6.26849e-06;3.06676;-15.9999;-1.22112;-0.0121204;0.182823;-440205;2.56276e-08;2.19033e-07;-1.02351e+06;-1.0235e+06;-6.29914e+06;-6.2991e+06;-10.4645;-71526.2;0.182823;-0.731293;5.99434e+12
2;482.162;0.0755803;6.23700e-06;7.77496e-07;0.321577;-0.0309947;6.23700e-06;6.23699e-06;3.06566;-15.9999;-1.2333;-0.0243018;0.196733;-442983;2.93816e-08;2.35698e-07;-1.18478e+06;-1.18477e+06;-5.86109e+06;-5.86105e+06;-10.4119;-89546;0.196733;-0.786933;5.11975e+12
3;521.726;0.081369;6.20550e-06;8.20421e-07;0.33635;-0.0369743;6.20550e-06;6.20549e-06;3.06464;-15.9999;-1.24554;-0.036545;0.210731;-445797;3.33783e-08;2.52468e-07;-1.32377e+06;-1.32376e+06;-5.47871e+06;-5.47867e+06;-10.3593;-107714;0.210731;-0.842925;4.41232e+12
4;562.297;0.0872514;6.17400e-06;8.62239e-07;0.350752;-0.0435816;6.17400e-06;6.17399e-06;3.06367;-15.9999;-1.25785;-0.0488504;0.224819;-448649;3.76157e-08;2.69346e-07;-1.4445e+06;-1.44449e+06;-5.14202e+06;-5.14199e+06;-10.3067;-126034;0.224819;-0.899275;3.83264e+12
5;603.904;0.0932294;6.14250e-06;9.02970e-07;0.364809;-0.0508282;6.14250e-06;6.14249e-06;3.06277;-15.9999;-1.27022;-0.0612188;0.238997;-451539;4.20916e-08;2.86332e-07;-1.55009e+06;-1.55008e+06;-4.84331e+06;-4.84327e+06;-10.2541;-144514;0.238997;-0.955986;3.35223e+12
6;646.575;0.099305;6.11100e-06;9.42637e-07;0.378541;-0.058724;6.11100e-06;6.11098e-06;3.06191;-15.9999;-1.28265;-0.0736508;0.253266;-454468;4.68041e-08;3.03427e-07;-1.64302e+06;-1.64301e+06;-4.57648e+06;-4.57645e+06;-10.2015;-163160;0.253266;-1.01306;2.95004e+12
7;690.34;0.10548;6.07950e-06;9.81259e-07;0.391968;-0.067277;6.07950e-06;6.07948e-06;3.06111;-15.9999;-1.29515;-0.086147;0.267628;-457436;5.17515e-08;3.20634e-07;-1.72524e+06;-1.72523e+06;-4.33671e+06;-4.33667e+06;-10.149;-181979;0.267628;-1.07051;2.61032e+12
8;735.229;0.111757;6.04800e-06;1.01886e-06;0.405106;-0.0764934;6.04800e-06;6.04798e-06;3.06035;-15.9999;-1.30771;-0.0987081;0.282085;-460446;5.69320e-08;3.37954e-07;-1.79836e+06;-1.79834e+06;-4.12006e+06;-4.12003e+06;-10.0964;-200979;0.282085;-1.12834;2.32103e+12
9;781.275;0.118137;6.01650e-06;1.05545e-06;0.417972;-0.0863777;6.01650e-06;6.01648e-06;3.05963;-15.9999;-1.32033;-0.111335;0.296637;-463496;6.23439e-08;3.55388e-07;-1.86365e+06;-1.86364e+06;-3.92337e+06;-3.92333e+06;-10.0438;-220167;0.296637;-1.18655;2.07288e+12
10;828.509;0.124624;5.98500e-06;1.09106e-06;0.430579;-0.096933;5.98500e-06;5.98498e-06;3.05895;-15.9999;-1.33303;-0.124028;0.311285;-466589;6.79857e-08;3.72938e-07;-1.9222e+06;-1.92218e+06;-3.74398e+06;-3.74395e+06;-9.9912;-239552;0.311285;-1.24514;1.85863e+12
11;876.966;0.131218;5.95350e-06;1.12570e-06;0.442939;-0.108161;5.95350e-06;5.95348e-06;3.0583;-15.9999;-1.34579;-0.136788;0.326032;-469726;7.38560e-08;3.90606e-07;-1.97488e+06;-1.97486e+06;-3.57972e+06;-3.57969e+06;-9.93861;-259141;0.326032;-1.30413;1.67253e+12
12;926.68;0.137923;5.92200e-06;1.15939e-06;0.455064;-0.120062;5.92200e-06;5.92198e-06;3.05768;-15.9999;-1.35862;-0.149616;0.340879;-472906;7.99534e-08;4.08392e-07;-2.02245e+06;-2.02243e+06;-3.42876e+06;-3.42873e+06;-9.88603;-278943;0.340879;-1.36351;1.50998e+12
13;977.687;0.144741;5.89050e-06;1.19215e-06;0.466964;-0.132636;5.89050e-06;5.89048e-06;3.05709;-15.9998;-1.37151;-0.162512;0.355826;-476131;8.62766e-08;4.26300e-07;-2.06552e+06;-2.0655e+06;-3.28954e+06;-3.28951e+06;-9.83344;-298965;0.355826;-1.4233;1.36730e+12
14;1030.02;0.151674;5.85900e-06;1.22400e-06;0.47865;-0.145881;5.85900e-06;5.85898e-06;3.05653;-15.9998;-1.38448;-0.175477;0.370875;-479403;9.28244e-08;4.44330e-07;-2.10462e+06;-2.1046e+06;-3.16074e+06;-3.16071e+06;-9.78086;-319216;0.370875;-1.4835;1.24147e+12
15;1083.73;0.158724;5.82750e-06;1.25495e-06;0.49013;-0.159793;5.82750e-06;5.82748e-06;3.056;-15.9998;-1.39751;-0.188512;0.386028;-482721;9.95956e-08;4.62485e-07;-2.14022e+06;-2.1402e+06;-3.04125e+06;-3.04122e+06;-9.72827;-339705;0.386028;-1.54411;1.13002e+12
16;1138.85;0.165895;5.79600e-06;1.28503e-06;0.501413;-0.17437;5.79600e-06;5.79598e-06;3.05549;-15.9998;-1.41062;-0.201618;0.401287;-486087;1.06589e-07;4.80765e-07;-2.17269e+06;-2.17267e+06;-2.93009e+06;-2.93006e+06;-9.67569;-360439;0.401287;-1.60515;1.03093e+12
17;1195.41;0.173188;5.76450e-06;1.31423e-06;0.512506;-0.189606;5.76450e-06;5.76448e-06;3.055;-15.9998;-1.4238;-0.214795;0.416652;-489503;1.13805e-07;4.99174e-07;-2.20238e+06;-2.20236e+06;-2.82642e+06;-2.82639e+06;-9.6231;-381427;0.416652;-1.66661;9.42488e+11
18;1253.47;0.180607;5.73300e-06;1.34259e-06;0.523416;-0.205497;5.73300e-06;5.73298e-06;3.05454;-15.9998;-1.43704;-0.228044;0.432126;-492968;1.21240e-07;5.17712e-07;-2.22957e+06;-2.22955e+06;-2.7295e+06;-2.72947e+06;-9.57052;-402677;0.432126;-1.7285;8.63291e+11
19;1313.06;0.188154;5.70150e-06;1.37011e-06;0.53415;-0.222036;5.70150e-06;5.70148e-06;3.0541;-15.9998;-1.45037;-0.241367;0.44771;-496485;1.28896e-07;5.36383e-07;-2.25453e+06;-2.2545e+06;-2.63871e+06;-2.63868e+06;-9.51793;-424199;0.44771;-1.79084;7.92141e+11
20;1374.24;0.195832;5.67000e-06;1.39682e-06;0.544714;-0.239217;5.67000e-06;5.66998e-06;3.05367;-15.9998;-1.46376;-0.254763;0.463405;-500054;1.36771e-07;5.55187e-07;-2.27746e+06;-2.27743e+06;-2.55348e+06;-2.55345e+06;-9.46535;-446000;0.463405;-1.85362;7.28032e+11
21;1437.04;0.203644;5.63850e-06;1.42272e-06;0.555115;-0.257033;5.63850e-06;5.63848e-06;3.05327;-15.9998;-1.47723;-0.268234;0.479214;-503677;1.44864e-07;5.74126e-07;-2.29857e+06;-2.29854e+06;-2.47332e+06;-2.47329e+06;-9.41276;-468090;0.479214;-1.91685;6.70104e+11
22;1501.52;0.211593;5.60700e-06;1.44783e-06;0.565357;-0.275476;5.60700e-06;5.60698e-06;3.05288;-15.9998;-1.49078;-0.28178;0.495137;-507355;1.53175e-07;5.93204e-07;-2.31802e+06;-2.318e+06;-2.39778e+06;-2.39776e+06;-9.36018;-490478;0.495137;-1.98055;6.17625e+11
23;1567.73;0.219682;5.57550e-06;1.47217e-06;0.575446;-0.294537;5.57550e-06;5.57548e-06;3.05251;-15.9998;-1.5044;-0.295403;0.511178;-511088;1.61704e-07;6.12421e-07;-2.33598e+06;-2.33595e+06;-2.32649e+06;-2.32646e+06;-9.30759;-513172;0.511178;-2.04471;5.69965e+11
24;1635.72;0.227914;5.54400e-06;1.49574e-06;0.585386;-0.314208;5.54400e-06;5.54398e-06;3.05215;-15.9998;-1.5181;-0.309103;0.527336;-514879;1.70449e-07;6.31780e-07;-2.35257e+06;-2.35254e+06;-2.25909e+06;-2.25907e+06;-9.25501;-536183;0.527336;-2.10935;5.26582e+11
25;1705.54;0.236292;5.51250e-06;1.51856e-06;0.595183;-0.334481;5.51250e-06;5.51248e-06;3.05181;-15.9998;-1.53188;-0.322881;0.543615;-518729;1.79412e-07;6.51284e-07;-2.36791e+06;-2.36788e+06;-2.19528e+06;-2.19526e+06;-9.20242;-559518;0.543615;-2.17446;4.87005e+11
26;1777.25;0.244821;5.48100e-06;1.54065e-06;0.60484;-0.355345;5.48100e-06;5.48098e-06;3.05149;-15.9998;-1.54574;-0.336738;0.560017;-522639;1.88590e-07;6.70933e-07;-2.38211e+06;-2.38208e+06;-2.13478e+06;-2.13476e+06;-9.14983;-583189;0.560017;-2.24007;4.50827e+11
27;1850.91;0.253502;5.44950e-06;1.56201e-06;0.614362;-0.37679;5.44950e-06;5.44948e-06;3.05118;-15.9998;-1.55967;-0.350674;0.576542;-526610;1.97985e-07;6.90732e-07;-2.39526e+06;-2.39523e+06;-2.07734e+06;-2.07732e+06;-9.09725;-607204;0.576542;-2.30617;4.17692e+11
28;1926.57;0.26234;5.41800e-06;1.58266e-06;0.623752;-0.398807;5.41800e-06;5.41798e-06;3.05088;-15.9998;-1.57369;-0.364692;0.593194;-530644;2.07596e-07;7.10681e-07;-2.40746e+06;-2.40743e+06;-2.02274e+06;-2.02271e+06;-9.04466;-631573;0.593194;-2.37277;3.87287e+11
29;2004.31;0.271338;5.38650e-06;1.60261e-06;0.633015;-0.421386;5.38650e-06;5.38648e-06;3.0506;-15.9998;-1.58779;-0.378791;0.609973;-534742;2.17423e-07;7.30784e-07;-2.41878e+06;-2.41875e+06;-1.97076e+06;-1.97073e+06;-8.99208;-656308;0.609973;-2.43989;3.59340e+11
30;2084.18;0.2805;5.35500e-06;1.62187e-06;0.642153;-0.444515;5.35500e-06;5.35498e-06;3.05032;-15.9998;-1.60197;-0.392973;0.626883;-538907;2.27466e-07;7.51043e-07;-2.42929e+06;-2.42926e+06;-1.92123e+06;-1.92121e+06;-8.93949;-681417;0.626883;-2.50753;3.33610e+11
31;2166.24;0.289831;5.32350e-06;1.64045e-06;0.65117;-0.468184;5.32350e-06;5.32348e-06;3.05006;-15.9998;-1.61624;-0.407239;0.643925;-543139;2.37726e-07;7.71461e-07;-2.43905e+06;-2.43902e+06;-1.87398e+06;-1.87396e+06;-8.88691;-706913;0.643925;-2.5757;3.09884e+11
32;2250.58;0.299333;5.29200e-06;1.65837e-06;0.660069;-0.492382;5.29200e-06;5.29198e-06;3.04981;-15.9998;-1.63059;-0.421589;0.661101;-547440;2.48201e-07;7.92039e-07;-2.44812e+06;-2.44809e+06;-1.82886e+06;-1.82884e+06;-8.83432;-732805;0.661101;-2.64441;2.87974e+11
33;2337.26;0.309011;5.26050e-06;1.67563e-06;0.668853;-0.517098;5.26050e-06;5.26048e-06;3.04957;-15.9998;-1.64502;-0.436025;0.678414;-551811;2.58894e-07;8.12781e-07;-2.45656e+06;-2.45652e+06;-1.78573e+06;-1.78571e+06;-8.78174;-759104;0.678414;-2.71366;2.67712e+11
34;2426.36;0.31887;5.22900e-06;1.69225e-06;0.677526;-0.542321;5.22900e-06;5.22898e-06;3.04935;-15.9998;-1.65955;-0.450548;0.695866;-556256;2.69803e-07;8.33689e-07;-2.4644e+06;-2.46437e+06;-1.74446e+06;-1.74444e+06;-8.72915;-785823;0.695866;-2.78346;2.48950e+11
35;2517.95;0.328913;5.19750e-06;1.70823e-06;0.686088;-0.568039;5.19750e-06;5.19748e-06;3.04913;-15.9998;-1.67416;-0.465158;0.713459;-560775;2.80930e-07;8.54767e-07;-2.47169e+06;-2.47166e+06;-1.70493e+06;-1.70491e+06;-8.67657;-812972;0.713459;-2.85384;2.31554e+11
36;2612.11;0.339145;5.16600e-06;1.72359e-06;0.694544;-0.594241;5.16600e-06;5.16598e-06;3.04892;-15.9998;-1.68886;-0.479857;0.731196;-565370;2.92274e-07;8.76016e-07;-2.47848e+06;-2.47844e+06;-1.66704e+06;-1.66702e+06;-8.62398;-840564;0.731196;-2.92478;2.15406e+11
37;2708.93;0.349571;5.13450e-06;1.73834e-06;0.702896;-0.620914;5.13450e-06;5.13448e-06;3.04872;-15.9998;-1.70365;-0.494646;0.749078;-570044;3.03837e-07;8.97441e-07;-2.48479e+06;-2.48476e+06;-1.63069e+06;-1.63067e+06;-8.5714;-868611;0.749078;-2.99631;2.00399e+11
38;2808.49;0.360195;5.10300e-06;1.75249e-06;0.711146;-0.648049;5.10300e-06;5.10298e-06;3.04854;-15.9998;-1.71853;-0.509526;0.767109;-574797;3.15618e-07;9.19043e-07;-2.49066e+06;-2.49063e+06;-1.59579e+06;-1.59577e+06;-8.51881;-897126;0.767109;-3.06844;1.86438e+11
39;2910.88;0.371023;5.07150e-06;1.76604e-06;0.719296;-0.675631;5.07150e-06;5.07148e-06;3.04836;-15.9998;-1.7335;-0.524499;0.785291;-579633;3.27619e-07;9.40826e-07;-2.49613e+06;-2.49609e+06;-1.56226e+06;-1.56224e+06;-8.46623;-926120;0.785291;-3.14116;1.73436e+11
40;3016.2;0.382059;5.04000e-06;1.77900e-06;0.727349;-0.703651;5.04000e-06;5.03998e-06;3.04819;-15.9998;-1.74856;-0.539564;0.803627;-584554;3.39841e-07;9.62793e-07;-2.50121e+06;-2.50117e+06;-1.53001e+06;-1.52999e+06;-8.41364;-955609;0.803627;-3.21451;1.61315e+11
41;3124.54;0.393309;5.00850e-06;1.79139e-06;0.735306;-0.732096;5.00850e-06;5.00848e-06;3.04802;-15.9998;-1.76372;-0.554724;0.822119;-589561;3.52284e-07;9.84948e-07;-2.50593e+06;-2.5059e+06;-1.49898e+06;-1.49896e+06;-8.36106;-985605;0.822119;-3.28848;1.50005e+11
42;3236;0.404777;4.97700e-06;1.80321e-06;0.74317;-0.760953;4.97700e-06;4.97698e-06;3.04787;-15.9998;-1.77898;-0.56998;0.84077;-594657;3.64949e-07;1.00729e-06;-2.51033e+06;-2.51029e+06;-1.4691e+06;-1.46908e+06;-8.30847;-1.01612e+06;0.84077;-3.36308;1.39443e+11
43;3350.69;0.41647;4.94550e-06;1.81448e-06;0.750942;-0.790212;4.94550e-06;4.94548e-06;3.04772;-15.9998;-1.79433;-0.585333;0.859583;-599844;3.77838e-07;1.02983e-06;-2.51441e+06;-2.51437e+06;-1.4403e+06;-1.44028e+06;-8.25589;-1.04718e+06;0.859583;-3.43833;1.29571e+11
44;3468.71;0.428394;4.91400e-06;1.82519e-06;0.758624;-0.819861;4.91400e-06;4.91398e-06;3.04758;-15.9998;-1.80978;-0.600783;0.878561;-605125;3.90950e-07;1.05257e-06;-2.5182e+06;-2.51816e+06;-1.41254e+06;-1.41252e+06;-8.2033;-1.07878e+06;0.878561;-3.51424;1.20336e+11
45;3590.18;0.440554;4.88250e-06;1.83537e-06;0.766219;-0.849886;4.88250e-06;4.88248e-06;3.04745;-15.9998;-1.82533;-0.616333;0.897707;-610502;4.04288e-07;1.07551e-06;-2.52172e+06;-2.52168e+06;-1.38576e+06;-1.38574e+06;-8.15071;-1.11095e+06;0.897707;-3.59083;1.11691e+11
46;3715.22;0.452956;4.85100e-06;1.84501e-06;0.773727;-0.880277;4.85100e-06;4.85098e-06;3.04733;-15.9998;-1.84098;-0.631984;0.917023;-615977;4.17853e-07;1.09865e-06;-2.52498e+06;-2.52494e+06;-1.35991e+06;-1.35989e+06;-8.09813;-1.1437e+06;0.917023;-3.66809;1.03592e+11
47;3843.94;0.465606;4.81950e-06;1.85412e-06;0.78115;-0.911022;4.81950e-06;4.81948e-06;3.04721;-15.9998;-1.85674;-0.647736;0.936514;-621555;4.31645e-07;1.12200e-06;-2.528e+06;-2.52797e+06;-1.33494e+06;-1.33492e+06;-8.04554;-1.17705e+06;0.936514;-3.74606;9.59990e+10
48;3976.48;0.478512;4.78800e-06;1.86272e-06;0.788489;-0.942108;4.78800e-06;4.78798e-06;3.0471;-15.9998;-1.87259;-0.663592;0.956182;-627236;4.45667e-07;1.14556e-06;-2.5308e+06;-2.53077e+06;-1.31081e+06;-1.31079e+06;-7.99296;-1.21102e+06;0.956182;-3.82473;8.88768e+10
49;4112.97;0.49168;4.75650e-06;1.87081e-06;0.795747;-0.973523;4.75650e-06;4.75648e-06;3.047;-15.9998;-1.88855;-0.679553;0.976031;-633025;4.59920e-07;1.16934e-06;-2.53339e+06;-2.53335e+06;-1.28747e+06;-1.28745e+06;-7.94037;-1.24562e+06;0.976031;-3.90412;8.21916e+10
50;4253.54;0.505117;4.72500e-06;1.87840e-06;0.802925;-1.00526;4.72500e-06;4.72498e-06;3.04691;-15.9998;-1.90462;-0.69562;0.996064;-638924;4.74405e-07;1.19334e-06;-2.53578e+06;-2.53575e+06;-1.2649e+06;-1.26488e+06;-7.88779;-1.28087e+06;0.996064;-3.98426;7.59131e+10
51;4398.34;0.51883;4.69350e-06;1.88549e-06;0.810023;-1.0373;4.69350e-06;4.69348e-06;3.04682;-15.9998;-1.92079;-0.711794;1.01628;-644937;4.89125e-07;1.21757e-06;-2.53799e+06;-2.53795e+06;-1.24306e+06;-1.24304e+06;-7.8352;-1.31678e+06;1.01628;-4.06514;7.00132e+10
52;4547.51;0.532826;4.66200e-06;1.89210e-06;0.817043;-1.06963;4.66200e-06;4.66198e-06;3.04673;-15.9998;-1.93708;-0.728077;1.0367;-651066;5.04080e-07;1.24202e-06;-2.54002e+06;-2.53998e+06;-1.22191e+06;-1.22189e+06;-7.78262;-1.35339e+06;1.0367;-4.14678;6.44664e+10
53;4701.22;0.547114;4.63050e-06;1.89822e-06;0.823987;-1.10224;4.63050e-06;4.63048e-06;3.04666;-15.9998;-1.95347;-0.74447;1.0573;-657314;5.19273e-07;1.26671e-06;-2.54189e+06;-2.54185e+06;-1.20142e+06;-1.2014e+06;-7.73003;-1.3907e+06;1.0573;-4.22921;5.92490e+10
54;4859.62;0.561701;4.59900e-06;1.90388e-06;0.830855;-1.13513;4.59900e-06;4.59898e-06;3.04659;-15.9998;-1.96998;-0.760975;1.07811;-663687;5.34705e-07;1.29164e-06;-2.5436e+06;-2.54356e+06;-1.18156e+06;-1.18155e+06;-7.67745;-1.42874e+06;1.07811;-4.31243;5.43392e+10
55;5022.88;0.576596;4.56750e-06;1.90906e-06;0.837649;-1.16827;4.56750e-06;4.56748e-06;3.04652;-15.9998;-1.98659;-0.777594;1.09912;-670186;5.50379e-07;1.31681e-06;-2.54516e+06;-2.54512e+06;-1.16231e+06;-1.1623e+06;-7.62486;-1.46753e+06;1.09912;-4.39646;4.97170e+10
56;5191.19;0.591807;4.53600e-06;1.91379e-06;0.84437;-1.20166;4.53600e-06;4.53598e-06;3.04646;-15.9998;-2.00333;-0.794328;1.12033;-676816;5.66297e-07;1.34222e-06;-2.54659e+06;-2.54655e+06;-1.14364e+06;-1.14363e+06;-7.57228;-1.50709e+06;1.12033;-4.48132;4.53639e+10
57;5364.72;0.607342;4.50450e-06;1.91806e-06;0.851018;-1.23529;4.50450e-06;4.50448e-06;3.04641;-15.9998;-2.02018;-0.811178;1.14176;-683580;5.82461e-07;1.36789e-06;-2.54789e+06;-2.54785e+06;-1.12553e+06;-1.12551e+06;-7.51969;-1.54744e+06;1.14176;-4.56703;4.12627e+10
58;5543.67;0.623212;4.47300e-06;1.92189e-06;0.857596;-1.26914;4.47300e-06;4.47298e-06;3.04636;-15.9998;-2.03715;-0.828147;1.1634;-690483;5.98873e-07;1.39382e-06;-2.54907e+06;-2.54903e+06;-1.10794e+06;-1.10793e+06;-7.46711;-1.58861e+06;1.1634;-4.65359;3.73975e+10
59;5728.23;0.639426;4.44150e-06;1.92528e-06;0.864102;-1.3032;4.44150e-06;4.44148e-06;3.04632;-15.9998;-2.05424;-0.845235;1.18526;-697529;6.15536e-07;1.42001e-06;-2.55013e+06;-2.55009e+06;-1.09087e+06;-1.09085e+06;-7.41452;-1.63062e+06;1.18526;-4.74103;3.37539e+10
60;5918.62;0.655992;4.41000e-06;1.92823e-06;0.87054;-1.33745;4.41000e-06;4.40998e-06;3.04628;-15.9998;-2.07145;-0.862446;1.20734;-704722;6.32453e-07;1.44647e-06;-2.55109e+06;-2.55105e+06;-1.07428e+06;-1.07427e+06;-7.36194;-1.67349e+06;1.20734;-4.82937;3.03180e+10
61;6115.05;0.672923;4.37850e-06;1.93075e-06;0.876909;-1.3719;4.37850e-06;4.37848e-06;3.04625;-15.9998;-2.08878;-0.879779;1.22966;-712067;6.49625e-07;1.47320e-06;-2.55194e+06;-2.5519e+06;-1.05817e+06;-1.05815e+06;-7.30935;-1.71726e+06;1.22966;-4.91863;2.70773e+10
62;6317.76;0.690228;4.34700e-06;1.93285e-06;0.88321;-1.40653;4.34700e-06;4.34698e-06;3.04623;-15.9998;-2.10624;-0.897238;1.25221;-719569;6.67056e-07;1.50022e-06;-2.5527e+06;-2.55266e+06;-1.04251e+06;-1.04249e+06;-7.25677;-1.76194e+06;1.25221;-5.00882;2.40201e+10
63;6526.97;0.707918;4.31550e-06;1.93454e-06;0.889443;-1.44131;4.31550e-06;4.31548e-06;3.0462;-15.9998;-2.12382;-0.914823;1.27499;-727232;6.84749e-07;1.52752e-06;-2.55336e+06;-2.55332e+06;-1.02728e+06;-1.02727e+06;-7.20418;-1.80757e+06;1.27499;-5.09997;2.11355e+10
64;6742.95;0.726004;4.28400e-06;1.93581e-06;0.895611;-1.47626;4.28400e-06;4.28398e-06;3.04619;-15.9998;-2.14154;-0.932538;1.29802;-735061;7.02707e-07;1.55511e-06;-2.55394e+06;-2.5539e+06;-1.01247e+06;-1.01246e+06;-7.15159;-1.85417e+06;1.29802;-5.19209;1.84133e+10
65;6965.95;0.744499;4.25250e-06;1.93668e-06;0.901713;-1.51134;4.25250e-06;4.25248e-06;3.04618;-15.9998;-2.15938;-0.950383;1.3213;-743062;7.20932e-07;1.58300e-06;-2.55444e+06;-2.5544e+06;-998069;-998053;-7.09901;-1.90178e+06;1.3213;-5.28521;1.58441e+10
66;7196.24;0.763415;4.22100e-06;1.93715e-06;0.90775;-1.54655;4.22100e-06;4.22098e-06;3.04617;-15.9998;-2.17736;-0.968361;1.34484;-751240;7.39428e-07;1.61120e-06;-2.55487e+06;-2.55483e+06;-984051;-984036;-7.04642;-1.95042e+06;1.34484;-5.37935;1.34190e+10
67;7434.11;0.782764;4.18950e-06;1.93723e-06;0.913723;-1.58188;4.18950e-06;4.18948e-06;3.04617;-15.9998;-2.19547;-0.986474;1.36863;-759601;7.58199e-07;1.63970e-06;-2.55522e+06;-2.55518e+06;-970408;-970393;-6.99384;-2.00013e+06;1.36863;-5.47453;1.11299e+10
68;7679.86;0.80256;4.15800e-06;1.93691e-06;0.919632;-1.61732;4.15800e-06;4.15798e-06;3.04618;-15.9998;-2.21372;-1.00472;1.39269;-768151;7.77248e-07;1.66853e-06;-2.5555e+06;-2.55546e+06;-957126;-957111;-6.94125;-2.05094e+06;1.39269;-5.57077;8.96912e+09
69;7933.8;0.822816;4.12650e-06;1.93621e-06;0.925477;-1.65285;4.12650e-06;4.12648e-06;3.04618;-15.9998;-2.23211;-1.02311;1.41703;-776897;7.96578e-07;1.69768e-06;-2.55572e+06;-2.55568e+06;-944192;-944178;-6.88867;-2.10289e+06;1.41703;-5.66811;6.92945e+09
70;8196.26;0.843547;4.09500e-06;1.93514e-06;0.93126;-1.68847;4.09500e-06;4.09498e-06;3.0462;-15.9998;-2.25064;-1.04164;1.44164;-785844;8.16194e-07;1.72717e-06;-2.55587e+06;-2.55584e+06;-931595;-931580;-6.83608;-2.156e+06;1.44164;-5.76656;5.00422e+09
71;8467.58;0.864768;4.06350e-06;1.93369e-06;0.936981;-1.72416;4.06350e-06;4.06348e-06;3.04622;-15.9998;-2.26931;-1.06031;1.46654;-795000;8.36100e-07;1.75700e-06;-2.55598e+06;-2.55594e+06;-919322;-919308;-6.7835;-2.21032e+06;1.46654;-5.86615;3.18716e+09
72;8748.13;0.886493;4.03200e-06;1.93187e-06;0.94264;-1.75991;4.03200e-06;4.03198e-06;3.04624;-15.9998;-2.28813;-1.07913;1.49173;-804372;8.56299e-07;1.78718e-06;-2.55602e+06;-2.55598e+06;-907364;-907350;-6.73091;-2.2659e+06;1.49173;-5.96691;1.47239e+09
73;9038.27;0.90874;4.00050e-06;1.92968e-06;0.948238;-1.79571;4.00050e-06;4.00048e-06;3.04626;-15.9998;-2.30709;-1.09809;1.51722;-813967;8.76795e-07;1.81772e-06;-2.55602e+06;-2.55598e+06;-895710;-895696;-6.67833;-2.32275e+06;1.51722;-6.06886;-1.45567e+08
74;9338.41;0.931524;3.96900e-06;1.92714e-06;0.953774;-1.83154;3.96900e-06;3.96898e-06;3.0463;-15.9998;-2.32621;-1.11721;1.54301;-823793;8.97594e-07;1.84862e-06;-2.55596e+06;-2.55592e+06;-884350;-884336;-6.62574;-2.38094e+06;1.54301;-6.17204;-1.67187e+09
45.5;3708.2;0.452259;4.85277e-06;1.84446e-06;0.773305;-0.878552;4.85277e-06;4.85274e-06;3.04734;-15.9998;-1.84011;-0.631105;0.915939;-615670;4.17091e-07;1.09735e-06;-2.5248e+06;-2.52476e+06;-1.36136e+06;-1.36134e+06;-8.10108;-1.14186e+06;0.915939;-3.66376;1.04046e+11
