i;dTdr;DT;r_hom_2nd;r_het_2nd;theta_2nd;sigma;surface_stress;gam_hom;GT_het;GT_het_2nd; 
1;646.441;0.101843;6.2685e-06;6.26848e-06;3.06101;-1.3899;-0.0137956;0.312778;5.02241e-08;3.19203e-07
2;688.255;0.107886;6.237e-06;6.23698e-06;3.06025;-1.40376;-0.0276607;0.329671;5.52421e-08;3.36443e-07
3;731.131;0.114028;6.2055e-06;6.20548e-06;3.05952;-1.4177;-0.041596;0.34668;6.04845e-08;3.53802e-07
4;775.101;0.120272;6.174e-06;6.17398e-06;3.05884;-1.4317;-0.0556022;0.363807;6.59499e-08;3.71281e-07
5;820.194;0.12662;6.1425e-06;6.14248e-06;3.05819;-1.44578;-0.06968;0.381054;7.1637e-08;3.88882e-07
6;866.443;0.133074;6.111e-06;6.11098e-06;3.05757;-1.45993;-0.0838303;0.398423;7.75446e-08;4.06608e-07
7;913.879;0.139636;6.0795e-06;6.07948e-06;3.05698;-1.47415;-0.0980536;0.415915;8.36714e-08;4.24459e-07
8;962.537;0.146308;6.048e-06;6.04798e-06;3.05642;-1.48845;-0.112351;0.433531;9.00164e-08;4.42438e-07
9;1012.45;0.153094;6.0165e-06;6.01648e-06;3.05588;-1.50282;-0.126723;0.451275;9.65786e-08;4.60546e-07
10;1063.66;0.159995;5.985e-06;5.98498e-06;3.05537;-1.51727;-0.14117;0.469148;1.03357e-07;4.78786e-07
11;1116.19;0.167014;5.9535e-06;5.95348e-06;3.05489;-1.53179;-0.155694;0.487151;1.10351e-07;4.97159e-07
12;1170.1;0.174153;5.922e-06;5.92198e-06;3.05442;-1.54639;-0.170294;0.505288;1.1756e-07;5.15668e-07
13;1225.41;0.181415;5.8905e-06;5.89048e-06;3.05397;-1.56107;-0.184973;0.523559;1.24982e-07;5.34315e-07
14;1282.17;0.188803;5.859e-06;5.85898e-06;3.05355;-1.57583;-0.19973;0.541966;1.32618e-07;5.53101e-07
15;1340.42;0.19632;5.8275e-06;5.82748e-06;3.05314;-1.59067;-0.214567;0.560513;1.40467e-07;5.72028e-07
16;1400.21;0.203967;5.796e-06;5.79598e-06;3.05275;-1.60558;-0.229484;0.579201;1.48528e-07;5.911e-07
17;1461.58;0.21175;5.7645e-06;5.76448e-06;3.05238;-1.62058;-0.244483;0.598032;1.56801e-07;6.10318e-07
18;1524.57;0.219669;5.733e-06;5.73298e-06;3.05202;-1.63566;-0.259563;0.617008;1.65286e-07;6.29684e-07
19;1589.24;0.227729;5.7015e-06;5.70148e-06;3.05168;-1.65083;-0.274727;0.636132;1.73983e-07;6.49201e-07
20;1655.64;0.235933;5.67e-06;5.66998e-06;3.05135;-1.66607;-0.289975;0.655407;1.8289e-07;6.68872e-07
21;1723.81;0.244283;5.6385e-06;5.63848e-06;3.05103;-1.68141;-0.305308;0.674834;1.92009e-07;6.88698e-07
22;1793.82;0.252784;5.607e-06;5.60698e-06;3.05073;-1.69683;-0.320726;0.694416;2.01339e-07;7.08683e-07
23;1865.72;0.261439;5.5755e-06;5.57548e-06;3.05045;-1.71233;-0.336232;0.714156;2.1088e-07;7.28828e-07
24;1939.56;0.27025;5.544e-06;5.54398e-06;3.05017;-1.72793;-0.351825;0.734056;2.20632e-07;7.49137e-07
25;2015.41;0.279223;5.5125e-06;5.51248e-06;3.04991;-1.74361;-0.367507;0.754119;2.30596e-07;7.69613e-07
26;2093.33;0.288361;5.481e-06;5.48098e-06;3.04965;-1.75938;-0.383279;0.774348;2.40771e-07;7.90257e-07
27;2173.38;0.297667;5.4495e-06;5.44948e-06;3.04941;-1.77524;-0.399142;0.794745;2.51159e-07;8.11073e-07
28;2255.63;0.307147;5.418e-06;5.41798e-06;3.04918;-1.7912;-0.415097;0.815313;2.61759e-07;8.32064e-07
29;2340.14;0.316803;5.3865e-06;5.38648e-06;3.04896;-1.80725;-0.431145;0.836056;2.72572e-07;8.53233e-07
30;2427;0.32664;5.355e-06;5.35498e-06;3.04875;-1.82339;-0.447287;0.856976;2.83598e-07;8.74582e-07
31;2516.27;0.336663;5.3235e-06;5.32348e-06;3.04855;-1.83962;-0.463524;0.878076;2.94839e-07;8.96116e-07
32;2608.04;0.346875;5.292e-06;5.29198e-06;3.04836;-1.85596;-0.479858;0.899359;3.06294e-07;9.17837e-07
33;2702.37;0.357283;5.2605e-06;5.26048e-06;3.04817;-1.87239;-0.496289;0.92083;3.17965e-07;9.39748e-07
34;2799.37;0.36789;5.229e-06;5.22897e-06;3.048;-1.88892;-0.512819;0.94249;3.29853e-07;9.61853e-07
35;2899.1;0.378702;5.1975e-06;5.19747e-06;3.04783;-1.90555;-0.529449;0.964343;3.41958e-07;9.84156e-07
36;3001.66;0.389723;5.166e-06;5.16597e-06;3.04768;-1.92228;-0.54618;0.986394;3.54281e-07;1.00666e-06
37;3107.15;0.400959;5.1345e-06;5.13447e-06;3.04753;-1.93911;-0.563013;1.00865;3.66824e-07;1.02937e-06
38;3215.66;0.412416;5.103e-06;5.10297e-06;3.04738;-1.95605;-0.57995;1.0311;3.79587e-07;1.05228e-06
39;3327.29;0.424099;5.0715e-06;5.07147e-06;3.04725;-1.97309;-0.596992;1.05376;3.92572e-07;1.07541e-06
40;3442.15;0.436013;5.04e-06;5.03997e-06;3.04712;-1.99024;-0.614139;1.07664;4.0578e-07;1.09876e-06
41;3560.34;0.448166;5.0085e-06;5.00848e-06;3.047;-2.00749;-0.631395;1.09973;4.19213e-07;1.12233e-06
42;3681.98;0.460562;4.977e-06;4.97698e-06;3.04689;-2.02486;-0.648759;1.12304;4.32872e-07;1.14612e-06
43;3807.18;0.473209;4.9455e-06;4.94548e-06;3.04678;-2.04233;-0.666233;1.14658;4.46759e-07;1.17013e-06
44;3936.07;0.486113;4.914e-06;4.91398e-06;3.04668;-2.05992;-0.683819;1.17034;4.60875e-07;1.19439e-06
45;4068.77;0.499281;4.8825e-06;4.88248e-06;3.04659;-2.07762;-0.701519;1.19434;4.75221e-07;1.21888e-06
46;4205.42;0.51272;4.851e-06;4.85098e-06;3.0465;-2.09543;-0.719332;1.21857;4.89801e-07;1.24361e-06
47;4346.15;0.526438;4.8195e-06;4.81948e-06;3.04642;-2.11336;-0.737262;1.24305;5.04616e-07;1.26859e-06
48;4491.12;0.540441;4.788e-06;4.78798e-06;3.04635;-2.13141;-0.75531;1.26778;5.19667e-07;1.29382e-06
49;4640.45;0.554738;4.7565e-06;4.75648e-06;3.04628;-2.14958;-0.773476;1.29275;5.34958e-07;1.31931e-06
50;4794.32;0.569337;4.725e-06;4.72498e-06;3.04621;-2.16786;-0.791763;1.31799;5.50489e-07;1.34506e-06
51;4952.89;0.584245;4.6935e-06;4.69348e-06;3.04616;-2.18627;-0.810173;1.34348;5.66264e-07;1.37109e-06
52;5116.32;0.599473;4.662e-06;4.66198e-06;3.0461;-2.20481;-0.828707;1.36925;5.82285e-07;1.39738e-06
53;5284.79;0.615029;4.6305e-06;4.63048e-06;3.04606;-2.22347;-0.847366;1.39529;5.98555e-07;1.42395e-06
54;5458.48;0.630921;4.599e-06;4.59898e-06;3.04602;-2.24225;-0.866152;1.4216;6.15075e-07;1.45081e-06
55;5637.6;0.647161;4.5675e-06;4.56748e-06;3.04598;-2.26117;-0.885068;1.44821;6.3185e-07;1.47796e-06
56;5822.32;0.663757;4.536e-06;4.53598e-06;3.04595;-2.28021;-0.904115;1.4751;6.48881e-07;1.50541e-06
57;6012.88;0.680721;4.5045e-06;4.50448e-06;3.04593;-2.29939;-0.923294;1.5023;6.66172e-07;1.53316e-06
58;6209.48;0.698062;4.473e-06;4.47298e-06;3.0459;-2.31871;-0.942608;1.52979;6.83725e-07;1.56122e-06
59;6412.35;0.715792;4.4415e-06;4.44148e-06;3.04589;-2.33816;-0.962058;1.5576;7.01545e-07;1.5896e-06
60;6621.74;0.733923;4.41e-06;4.40998e-06;3.04588;-2.35775;-0.981647;1.58573;7.19635e-07;1.61831e-06
61;6837.89;0.752466;4.3785e-06;4.37848e-06;3.04587;-2.37748;-1.00138;1.61418;7.37997e-07;1.64735e-06
62;7061.06;0.771435;4.347e-06;4.34698e-06;3.04587;-2.39735;-1.02125;1.64297;7.56636e-07;1.67672e-06
63;7291.52;0.790841;4.3155e-06;4.31548e-06;3.04588;-2.41736;-1.04126;1.67209;7.75556e-07;1.70645e-06
64;7529.57;0.810699;4.284e-06;4.28398e-06;3.04588;-2.43753;-1.06143;1.70157;7.94759e-07;1.73653e-06
65;7775.5;0.831021;4.2525e-06;4.25248e-06;3.0459;-2.45784;-1.08174;1.7314;8.14252e-07;1.76697e-06
66;8029.62;0.851824;4.221e-06;4.22098e-06;3.04591;-2.4783;-1.1022;1.76159;8.34037e-07;1.79778e-06
67;8292.26;0.873122;4.1895e-06;4.18948e-06;3.04593;-2.49892;-1.12282;1.79216;8.54119e-07;1.82898e-06
68;8563.76;0.89493;4.158e-06;4.15798e-06;3.04596;-2.51969;-1.14359;1.82311;8.74503e-07;1.86057e-06
69;8844.49;0.917265;4.1265e-06;4.12648e-06;3.04599;-2.54062;-1.16452;1.85446;8.95194e-07;1.89256e-06
70;9134.83;0.940143;4.095e-06;4.09498e-06;3.04603;-2.56171;-1.18561;1.8862;9.16196e-07;1.92495e-06
71;9435.16;0.963584;4.0635e-06;4.06348e-06;3.04606;-2.58296;-1.20686;1.91836;9.37514e-07;1.95777e-06
