i;dTdr;DT;r_hom_2nd;r_het_2nd;theta_2nd;sigma;surface_stress;gam_hom;GT_het_2nd; 
1;428.111;0.0674466;6.2685e-06;6.26849e-06;3.06431;-1.10093;-0.0109274;0.195771;2.8141e-08;2.11395e-07
2;460.841;0.0722382;6.237e-06;6.23699e-06;3.06336;-1.11191;-0.0219098;0.208625;3.16409e-08;2.25275e-07
3;494.403;0.0771076;6.2055e-06;6.20548e-06;3.06247;-1.12295;-0.0329479;0.221564;3.53342e-08;2.39246e-07
4;528.819;0.0820567;6.174e-06;6.17398e-06;3.06164;-1.13404;-0.0440421;0.234588;3.92194e-08;2.5331e-07
5;564.115;0.0870868;6.1425e-06;6.14248e-06;3.06084;-1.14519;-0.0551931;0.247698;4.32949e-08;2.67466e-07
6;600.314;0.0921999;6.111e-06;6.11098e-06;3.06009;-1.1564;-0.0664014;0.260896;4.75595e-08;2.81718e-07
7;637.441;0.0973975;6.0795e-06;6.07948e-06;3.05939;-1.16767;-0.0776677;0.274183;5.20119e-08;2.96065e-07
8;675.523;0.102681;6.048e-06;6.04798e-06;3.05871;-1.17899;-0.0889924;0.28756;5.66508e-08;3.1051e-07
9;714.587;0.108054;6.0165e-06;6.01648e-06;3.05807;-1.19038;-0.100376;0.301029;6.14752e-08;3.25053e-07
10;754.661;0.113516;5.985e-06;5.98498e-06;3.05746;-1.20182;-0.11182;0.31459;6.6484e-08;3.39697e-07
11;795.773;0.11907;5.9535e-06;5.95348e-06;3.05688;-1.21332;-0.123324;0.328246;7.16762e-08;3.54442e-07
12;837.954;0.124718;5.922e-06;5.92198e-06;3.05633;-1.22489;-0.134889;0.341996;7.70508e-08;3.6929e-07
13;881.233;0.130462;5.8905e-06;5.89048e-06;3.0558;-1.23652;-0.146516;0.355844;8.2607e-08;3.84243e-07
14;925.643;0.136303;5.859e-06;5.85898e-06;3.0553;-1.2482;-0.158205;0.36979;8.8344e-08;3.99302e-07
15;971.217;0.142245;5.8275e-06;5.82748e-06;3.05482;-1.25996;-0.169957;0.383836;9.4261e-08;4.14469e-07
16;1017.99;0.14829;5.796e-06;5.79598e-06;3.05436;-1.27177;-0.181773;0.397983;1.00358e-07;4.29745e-07
17;1065.99;0.154438;5.7645e-06;5.76448e-06;3.05392;-1.28365;-0.193653;0.412232;1.06633e-07;4.45132e-07
18;1115.27;0.160694;5.733e-06;5.73298e-06;3.05351;-1.2956;-0.205598;0.426586;1.13086e-07;4.60631e-07
19;1165.85;0.167059;5.7015e-06;5.70148e-06;3.0531;-1.30761;-0.21761;0.441046;1.19718e-07;4.76245e-07
20;1217.77;0.173535;5.67e-06;5.66998e-06;3.05272;-1.31969;-0.229687;0.455613;1.26527e-07;4.91975e-07
21;1271.08;0.180126;5.6385e-06;5.63848e-06;3.05235;-1.33183;-0.241832;0.470289;1.33512e-07;5.07823e-07
22;1325.82;0.186834;5.607e-06;5.60698e-06;3.052;-1.34405;-0.254045;0.485077;1.40675e-07;5.2379e-07
23;1382.03;0.19366;5.5755e-06;5.57548e-06;3.05167;-1.35633;-0.266327;0.499976;1.48014e-07;5.39879e-07
24;1439.75;0.200609;5.544e-06;5.54398e-06;3.05134;-1.36868;-0.278678;0.51499;1.5553e-07;5.56091e-07
25;1499.04;0.207683;5.5125e-06;5.51248e-06;3.05104;-1.3811;-0.2911;0.530121;1.63221e-07;5.72429e-07
26;1559.93;0.214885;5.481e-06;5.48098e-06;3.05074;-1.39359;-0.303593;0.545369;1.71089e-07;5.88894e-07
27;1622.49;0.222217;5.4495e-06;5.44948e-06;3.05046;-1.40616;-0.316158;0.560737;1.79133e-07;6.05489e-07
28;1686.75;0.229683;5.418e-06;5.41798e-06;3.05019;-1.4188;-0.328796;0.576227;1.87354e-07;6.22215e-07
29;1752.78;0.237287;5.3865e-06;5.38648e-06;3.04993;-1.43151;-0.341507;0.591841;1.95751e-07;6.39075e-07
30;1820.62;0.24503;5.355e-06;5.35498e-06;3.04968;-1.44429;-0.354293;0.607581;2.04324e-07;6.56071e-07
31;1890.35;0.252917;5.3235e-06;5.32348e-06;3.04945;-1.45715;-0.367155;0.623448;2.13074e-07;6.73205e-07
32;1962;0.260951;5.292e-06;5.29198e-06;3.04922;-1.47009;-0.380093;0.639446;2.22002e-07;6.9048e-07
33;2035.66;0.269136;5.2605e-06;5.26048e-06;3.04901;-1.48311;-0.393108;0.655577;2.31107e-07;7.07898e-07
34;2111.37;0.277475;5.229e-06;5.22898e-06;3.0488;-1.4962;-0.406201;0.671842;2.4039e-07;7.25461e-07
35;2189.22;0.285972;5.1975e-06;5.19748e-06;3.0486;-1.50937;-0.419373;0.688244;2.49852e-07;7.43172e-07
36;2269.25;0.29463;5.166e-06;5.16598e-06;3.04842;-1.52263;-0.432626;0.704785;2.59492e-07;7.61034e-07
37;2351.56;0.303455;5.1345e-06;5.13448e-06;3.04824;-1.53596;-0.445959;0.721468;2.69312e-07;7.79048e-07
38;2436.21;0.312449;5.103e-06;5.10298e-06;3.04807;-1.54937;-0.459375;0.738295;2.79313e-07;7.97219e-07
39;2523.27;0.321618;5.0715e-06;5.07148e-06;3.04791;-1.56287;-0.472873;0.75527;2.89494e-07;8.15547e-07
40;2612.84;0.330966;5.04e-06;5.03998e-06;3.04775;-1.57646;-0.486456;0.772393;2.99858e-07;8.34038e-07
41;2704.99;0.340496;5.0085e-06;5.00848e-06;3.04761;-1.59012;-0.500124;0.789669;3.10404e-07;8.52692e-07
42;2799.8;0.350215;4.977e-06;4.97698e-06;3.04747;-1.60388;-0.513878;0.8071;3.21134e-07;8.71514e-07
43;2897.38;0.360126;4.9455e-06;4.94548e-06;3.04734;-1.61772;-0.527719;0.824689;3.32048e-07;8.90507e-07
44;2997.8;0.370235;4.914e-06;4.91398e-06;3.04722;-1.63165;-0.541649;0.842438;3.43149e-07;9.09673e-07
45;3101.18;0.380547;4.8825e-06;4.88248e-06;3.0471;-1.64567;-0.555668;0.860351;3.54436e-07;9.29016e-07
46;3207.6;0.391067;4.851e-06;4.85098e-06;3.04699;-1.65978;-0.569779;0.878431;3.65911e-07;9.48539e-07
47;3317.18;0.401801;4.8195e-06;4.81948e-06;3.04689;-1.67398;-0.583981;0.896681;3.77576e-07;9.68245e-07
48;3430.03;0.412754;4.788e-06;4.78798e-06;3.0468;-1.68828;-0.598276;0.915104;3.89431e-07;9.88139e-07
49;3546.25;0.423933;4.7565e-06;4.75648e-06;3.04671;-1.70267;-0.612666;0.933704;4.01479e-07;1.00822e-06
50;3665.97;0.435342;4.725e-06;4.72498e-06;3.04663;-1.71715;-0.627151;0.952484;4.1372e-07;1.0285e-06
51;3789.32;0.44699;4.6935e-06;4.69348e-06;3.04655;-1.73173;-0.641733;0.971448;4.26157e-07;1.04898e-06
52;3916.41;0.458882;4.662e-06;4.66198e-06;3.04648;-1.74641;-0.656413;0.990599;4.3879e-07;1.06966e-06
53;4047.39;0.471024;4.6305e-06;4.63048e-06;3.04641;-1.76119;-0.671193;1.00994;4.51622e-07;1.09054e-06
54;4182.4;0.483425;4.599e-06;4.59898e-06;3.04636;-1.77607;-0.686074;1.02948;4.64654e-07;1.11164e-06
55;4321.58;0.49609;4.5675e-06;4.56748e-06;3.0463;-1.79106;-0.701057;1.04921;4.77889e-07;1.13295e-06
56;4465.08;0.509028;4.536e-06;4.53598e-06;3.04626;-1.80614;-0.716143;1.06915;4.91328e-07;1.15448e-06
57;4613.06;0.522247;4.5045e-06;4.50448e-06;3.04621;-1.82134;-0.731335;1.0893;5.04973e-07;1.17624e-06
58;4765.69;0.535753;4.473e-06;4.47298e-06;3.04618;-1.83663;-0.746634;1.10966;5.18827e-07;1.19822e-06
59;4923.15;0.549557;4.4415e-06;4.44148e-06;3.04615;-1.85204;-0.76204;1.13023;5.32891e-07;1.22043e-06
60;5085.61;0.563666;4.41e-06;4.40998e-06;3.04612;-1.86756;-0.777556;1.15103;5.47169e-07;1.24289e-06
61;5253.26;0.578089;4.3785e-06;4.37848e-06;3.0461;-1.88318;-0.793184;1.17205;5.61663e-07;1.26559e-06
62;5426.31;0.592835;4.347e-06;4.34698e-06;3.04608;-1.89892;-0.808924;1.1933;5.76374e-07;1.28853e-06
63;5604.95;0.607915;4.3155e-06;4.31548e-06;3.04607;-1.91478;-0.824779;1.21478;5.91306e-07;1.31174e-06
64;5789.41;0.623338;4.284e-06;4.28398e-06;3.04607;-1.93075;-0.84075;1.23651;6.06462e-07;1.3352e-06
65;5979.91;0.639115;4.2525e-06;4.25248e-06;3.04606;-1.94684;-0.856838;1.25848;6.21845e-07;1.35892e-06
66;6176.68;0.655255;4.221e-06;4.22098e-06;3.04607;-1.96305;-0.873047;1.28071;6.37456e-07;1.38292e-06
67;6379.98;0.671772;4.1895e-06;4.18948e-06;3.04608;-1.97938;-0.889377;1.30319;6.53301e-07;1.4072e-06
68;6590.07;0.688675;4.158e-06;4.15798e-06;3.04609;-1.99583;-0.90583;1.32594;6.69381e-07;1.43176e-06
69;6807.21;0.705978;4.1265e-06;4.12648e-06;3.04611;-2.01241;-0.922408;1.34896;6.857e-07;1.45662e-06
70;7031.7;0.723693;4.095e-06;4.09498e-06;3.04613;-2.02911;-0.939113;1.37225;7.02262e-07;1.48177e-06
71;7263.83;0.741832;4.0635e-06;4.06348e-06;3.04615;-2.04595;-0.955947;1.39582;7.1907e-07;1.50723e-06
72;7503.91;0.76041;4.032e-06;4.03198e-06;3.04618;-2.06291;-0.972912;1.41969;7.36128e-07;1.533e-06
73;7752.28;0.779441;4.0005e-06;4.00048e-06;3.04622;-2.08001;-0.990011;1.44385;7.5344e-07;1.55909e-06
74;8009.27;0.79894;3.969e-06;3.96898e-06;3.04626;-2.09724;-1.00724;1.46832;7.7101e-07;1.5855e-06
75;8275.26;0.818921;3.9375e-06;3.93748e-06;3.0463;-2.11461;-1.02461;1.49309;7.88843e-07;1.61226e-06
76;8550.62;0.839401;3.906e-06;3.90598e-06;3.04635;-2.13213;-1.04213;1.51819;8.06942e-07;1.63936e-06
77;8835.75;0.860397;3.8745e-06;3.87448e-06;3.0464;-2.14978;-1.05978;1.54362;8.25312e-07;1.66681e-06
