i;dTdr;DT;r_hom_1st;r_het_1st;theta_1st;dfthetadr_1st;r_hom_2nd;r_het_2nd;theta_2nd;dfthetadr_2nd;sigma;surface_stress;gam_hom;dfgamdr_ana;GT_het;GT_het_2nd;DSv_hom;DSv_het;DSs_hom;DSs_het;DSc;GB;GS;GC;dDSv_homdr
1;428.111;0.0674466;6.26850e-06;8.34469e-07;0.338123;-0.0377451;6.26850e-06;6.26849e-06;3.06431;-15.9999;-1.10093;-0.0109274;0.195771;-406749;2.81410e-08;2.11395e-07;-1.10853e+06;-1.10852e+06;-6.03068e+06;-6.03064e+06;-11.6104;-74766.4;0.195771;-0.783085;5.79153e+12
2;460.841;0.0722382;6.23700e-06;8.76020e-07;0.352287;-0.0443337;6.23700e-06;6.23699e-06;3.06336;-15.9999;-1.11191;-0.0219098;0.208625;-409404;3.16409e-08;2.25275e-07;-1.2674e+06;-1.26739e+06;-5.66742e+06;-5.66738e+06;-11.5521;-91554.5;0.208625;-0.834502;5.04355e+12
3;494.403;0.0771076;6.20550e-06;9.16494e-07;0.366115;-0.051544;6.20550e-06;6.20548e-06;3.06247;-15.9999;-1.12295;-0.0329479;0.221564;-412094;3.53342e-08;2.39246e-07;-1.40668e+06;-1.40667e+06;-5.3444e+06;-5.34436e+06;-11.4937;-108466;0.221564;-0.886256;4.42153e+12
4;528.819;0.0820567;6.17400e-06;9.55912e-07;0.379627;-0.0593846;6.17400e-06;6.17398e-06;3.06164;-15.9999;-1.13404;-0.0440421;0.234588;-414822;3.92194e-08;2.53310e-07;-1.5295e+06;-1.52949e+06;-5.05531e+06;-5.05527e+06;-11.4354;-125506;0.234588;-0.938351;3.89921e+12
5;564.115;0.0870868;6.14250e-06;9.94296e-07;0.39284;-0.0678627;6.14250e-06;6.14248e-06;3.06084;-15.9999;-1.14519;-0.0551931;0.247698;-417587;4.32949e-08;2.67466e-07;-1.63839e+06;-1.63838e+06;-4.79507e+06;-4.79503e+06;-11.3771;-142682;0.247698;-0.990792;3.45678e+12
6;600.314;0.0921999;6.11100e-06;1.03166e-06;0.405772;-0.0769836;6.11100e-06;6.11098e-06;3.06009;-15.9999;-1.1564;-0.0664014;0.260896;-420391;4.75595e-08;2.81718e-07;-1.73538e+06;-1.73537e+06;-4.55956e+06;-4.55952e+06;-11.3187;-160002;0.260896;-1.04358;3.07910e+12
7;637.441;0.0973975;6.07950e-06;1.06804e-06;0.418437;-0.0867511;6.07950e-06;6.07948e-06;3.05939;-15.9999;-1.16767;-0.0776677;0.274183;-423234;5.20119e-08;2.96065e-07;-1.82215e+06;-1.82213e+06;-4.34543e+06;-4.34539e+06;-11.2604;-177472;0.274183;-1.09673;2.75441e+12
8;675.523;0.102681;6.04800e-06;1.10343e-06;0.430847;-0.0971677;6.04800e-06;6.04798e-06;3.05871;-15.9999;-1.17899;-0.0889924;0.28756;-426117;5.66508e-08;3.10510e-07;-1.90006e+06;-1.90004e+06;-4.14989e+06;-4.14986e+06;-11.202;-195101;0.28756;-1.15024;2.47348e+12
9;714.587;0.108054;6.01650e-06;1.13787e-06;0.443016;-0.108235;6.01650e-06;6.01648e-06;3.05807;-15.9999;-1.19038;-0.100376;0.301029;-429041;6.14752e-08;3.25053e-07;-1.97027e+06;-1.97026e+06;-3.97063e+06;-3.9706e+06;-11.1437;-212895;0.301029;-1.20411;2.22899e+12
10;754.661;0.113516;5.98500e-06;1.17137e-06;0.454955;-0.119952;5.98500e-06;5.98498e-06;3.05746;-15.9999;-1.20182;-0.11182;0.31459;-432007;6.64840e-08;3.39697e-07;-2.03375e+06;-2.03373e+06;-3.8057e+06;-3.80566e+06;-11.0853;-230862;0.31459;-1.25836;2.01508e+12
11;795.773;0.11907;5.95350e-06;1.20394e-06;0.466673;-0.132317;5.95350e-06;5.95348e-06;3.05688;-15.9998;-1.21332;-0.123324;0.328246;-435015;7.16762e-08;3.54442e-07;-2.0913e+06;-2.09128e+06;-3.65345e+06;-3.65341e+06;-11.027;-249011;0.328246;-1.31298;1.82700e+12
12;837.954;0.124718;5.92200e-06;1.23561e-06;0.47818;-0.14533;5.92200e-06;5.92198e-06;3.05633;-15.9998;-1.22489;-0.134889;0.341996;-438067;7.70508e-08;3.69290e-07;-2.14362e+06;-2.1436e+06;-3.51247e+06;-3.51244e+06;-10.9687;-267347;0.341996;-1.36799;1.66089e+12
13;881.233;0.130462;5.89050e-06;1.26638e-06;0.489485;-0.158986;5.89050e-06;5.89048e-06;3.0558;-15.9998;-1.23652;-0.146516;0.355844;-441164;8.26070e-08;3.84243e-07;-2.19129e+06;-2.19127e+06;-3.38156e+06;-3.38153e+06;-10.9103;-285880;0.355844;-1.42338;1.51356e+12
14;925.643;0.136303;5.85900e-06;1.29629e-06;0.500595;-0.173282;5.85900e-06;5.85898e-06;3.0553;-15.9998;-1.2482;-0.158205;0.36979;-444306;8.83440e-08;3.99302e-07;-2.23484e+06;-2.23482e+06;-3.25968e+06;-3.25965e+06;-10.852;-304616;0.36979;-1.47916;1.38238e+12
15;971.217;0.142245;5.82750e-06;1.32533e-06;0.511518;-0.188213;5.82750e-06;5.82748e-06;3.05482;-15.9998;-1.25996;-0.169957;0.383836;-447495;9.42610e-08;4.14469e-07;-2.27469e+06;-2.27467e+06;-3.14594e+06;-3.1459e+06;-10.7936;-323565;0.383836;-1.53534;1.26517e+12
16;1017.99;0.14829;5.79600e-06;1.35354e-06;0.522262;-0.203773;5.79600e-06;5.79598e-06;3.05436;-15.9998;-1.27177;-0.181773;0.397983;-450732;1.00358e-07;4.29745e-07;-2.31123e+06;-2.31121e+06;-3.03953e+06;-3.0395e+06;-10.7353;-342732;0.397983;-1.59193;1.16008e+12
17;1065.99;0.154438;5.76450e-06;1.38092e-06;0.532832;-0.219956;5.76450e-06;5.76448e-06;3.05392;-15.9998;-1.28365;-0.193653;0.412232;-454017;1.06633e-07;4.45132e-07;-2.3448e+06;-2.34477e+06;-2.93979e+06;-2.93976e+06;-10.6769;-362127;0.412232;-1.64893;1.06557e+12
18;1115.27;0.160694;5.73300e-06;1.40748e-06;0.543234;-0.236756;5.73300e-06;5.73298e-06;3.05351;-15.9998;-1.2956;-0.205598;0.426586;-457352;1.13086e-07;4.60631e-07;-2.37568e+06;-2.37565e+06;-2.8461e+06;-2.84607e+06;-10.6186;-381758;0.426586;-1.70634;9.80319e+11
19;1165.85;0.167059;5.70150e-06;1.43325e-06;0.553475;-0.254164;5.70150e-06;5.70148e-06;3.0531;-15.9998;-1.30761;-0.21761;0.441046;-460737;1.19718e-07;4.76245e-07;-2.40413e+06;-2.4041e+06;-2.75793e+06;-2.7579e+06;-10.5602;-401632;0.441046;-1.76418;9.03214e+11
20;1217.77;0.173535;5.67000e-06;1.45823e-06;0.563559;-0.272174;5.67000e-06;5.66998e-06;3.05272;-15.9998;-1.31969;-0.229687;0.455613;-464175;1.26527e-07;4.91975e-07;-2.43038e+06;-2.43035e+06;-2.67481e+06;-2.67478e+06;-10.5019;-421757;0.455613;-1.82245;8.33297e+11
21;1271.08;0.180126;5.63850e-06;1.48244e-06;0.573492;-0.290776;5.63850e-06;5.63848e-06;3.05235;-15.9998;-1.33183;-0.241832;0.470289;-467666;1.33512e-07;5.07823e-07;-2.45463e+06;-2.4546e+06;-2.59633e+06;-2.5963e+06;-10.4436;-442143;0.470289;-1.88116;7.69743e+11
22;1325.82;0.186834;5.60700e-06;1.50589e-06;0.583278;-0.309962;5.60700e-06;5.60698e-06;3.052;-15.9998;-1.34405;-0.254045;0.485077;-471212;1.40675e-07;5.23790e-07;-2.47705e+06;-2.47702e+06;-2.52209e+06;-2.52206e+06;-10.3852;-462796;0.485077;-1.94031;7.11844e+11
23;1382.03;0.19366;5.57550e-06;1.52860e-06;0.592922;-0.329724;5.57550e-06;5.57548e-06;3.05167;-15.9998;-1.35633;-0.266327;0.499976;-474813;1.48014e-07;5.39879e-07;-2.49781e+06;-2.49778e+06;-2.45178e+06;-2.45175e+06;-10.3269;-483726;0.499976;-1.99991;6.58982e+11
24;1439.75;0.200609;5.54400e-06;1.55058e-06;0.602428;-0.350051;5.54400e-06;5.54398e-06;3.05134;-15.9998;-1.36868;-0.278678;0.51499;-478472;1.55530e-07;5.56091e-07;-2.51704e+06;-2.51701e+06;-2.38509e+06;-2.38506e+06;-10.2685;-504942;0.51499;-2.05996;6.10622e+11
25;1499.04;0.207683;5.51250e-06;1.57184e-06;0.6118;-0.370933;5.51250e-06;5.51248e-06;3.05104;-15.9998;-1.3811;-0.2911;0.530121;-482188;1.63221e-07;5.72429e-07;-2.53488e+06;-2.53485e+06;-2.32175e+06;-2.32172e+06;-10.2102;-526452;0.530121;-2.12048;5.66296e+11
26;1559.93;0.214885;5.48100e-06;1.59239e-06;0.621041;-0.392361;5.48100e-06;5.48098e-06;3.05074;-15.9998;-1.39359;-0.303593;0.545369;-485965;1.71089e-07;5.88894e-07;-2.55144e+06;-2.5514e+06;-2.26151e+06;-2.26149e+06;-10.1518;-548265;0.545369;-2.18147;5.25594e+11
27;1622.49;0.222217;5.44950e-06;1.61224e-06;0.630156;-0.414325;5.44950e-06;5.44948e-06;3.05046;-15.9998;-1.40616;-0.316158;0.560737;-489803;1.79133e-07;6.05489e-07;-2.56681e+06;-2.56678e+06;-2.20416e+06;-2.20413e+06;-10.0935;-570390;0.560737;-2.24295;4.88157e+11
28;1686.75;0.229683;5.41800e-06;1.63141e-06;0.639147;-0.436813;5.41800e-06;5.41798e-06;3.05019;-15.9998;-1.4188;-0.328796;0.576227;-493703;1.87354e-07;6.22215e-07;-2.5811e+06;-2.58107e+06;-2.1495e+06;-2.14947e+06;-10.0352;-592837;0.576227;-2.30491;4.53666e+11
29;1752.78;0.237287;5.38650e-06;1.64991e-06;0.648019;-0.459816;5.38650e-06;5.38648e-06;3.04993;-15.9998;-1.43151;-0.341507;0.591841;-497668;1.95751e-07;6.39075e-07;-2.59439e+06;-2.59436e+06;-2.09733e+06;-2.0973e+06;-9.97681;-615615;0.591841;-2.36736;4.21841e+11
30;1820.62;0.24503;5.35500e-06;1.66775e-06;0.656773;-0.483322;5.35500e-06;5.35498e-06;3.04968;-15.9998;-1.44429;-0.354293;0.607581;-501699;2.04324e-07;6.56071e-07;-2.60675e+06;-2.60672e+06;-2.0475e+06;-2.04747e+06;-9.91846;-638733;0.607581;-2.43032;3.92434e+11
31;1890.35;0.252917;5.32350e-06;1.68494e-06;0.665413;-0.507319;5.32350e-06;5.32348e-06;3.04945;-15.9998;-1.45715;-0.367155;0.623448;-505797;2.13074e-07;6.73205e-07;-2.61826e+06;-2.61822e+06;-1.99985e+06;-1.99983e+06;-9.86012;-662203;0.623448;-2.49379;3.65223e+11
32;1962;0.260951;5.29200e-06;1.70149e-06;0.673942;-0.531798;5.29200e-06;5.29198e-06;3.04922;-15.9998;-1.47009;-0.380093;0.639446;-509964;2.22002e-07;6.90480e-07;-2.62897e+06;-2.62893e+06;-1.95425e+06;-1.95422e+06;-9.80177;-686033;0.639446;-2.55779;3.40010e+11
33;2035.66;0.269136;5.26050e-06;1.71741e-06;0.682362;-0.556746;5.26050e-06;5.26048e-06;3.04901;-15.9998;-1.48311;-0.393108;0.655577;-514202;2.31107e-07;7.07898e-07;-2.63894e+06;-2.63891e+06;-1.91057e+06;-1.91054e+06;-9.74343;-710234;0.655577;-2.62231;3.16621e+11
34;2111.37;0.277475;5.22900e-06;1.73270e-06;0.690676;-0.582153;5.22900e-06;5.22898e-06;3.0488;-15.9998;-1.4962;-0.406201;0.671842;-518513;2.40390e-07;7.25461e-07;-2.64823e+06;-2.6482e+06;-1.86869e+06;-1.86866e+06;-9.68509;-734817;0.671842;-2.68737;2.94898e+11
35;2189.22;0.285972;5.19750e-06;1.74739e-06;0.698886;-0.608006;5.19750e-06;5.19748e-06;3.0486;-15.9998;-1.50937;-0.419373;0.688244;-522898;2.49852e-07;7.43172e-07;-2.65688e+06;-2.65685e+06;-1.8285e+06;-1.82847e+06;-9.62674;-759794;0.688244;-2.75297;2.74698e+11
36;2269.25;0.29463;5.16600e-06;1.76148e-06;0.706994;-0.634294;5.16600e-06;5.16598e-06;3.04842;-15.9998;-1.52263;-0.432626;0.704785;-527360;2.59492e-07;7.61034e-07;-2.66495e+06;-2.66491e+06;-1.7899e+06;-1.78988e+06;-9.5684;-785174;0.704785;-2.81914;2.55896e+11
37;2351.56;0.303455;5.13450e-06;1.77498e-06;0.715003;-0.661006;5.13450e-06;5.13448e-06;3.04824;-15.9998;-1.53596;-0.445959;0.721468;-531900;2.69312e-07;7.79048e-07;-2.67245e+06;-2.67242e+06;-1.75282e+06;-1.75279e+06;-9.51006;-810969;0.721468;-2.88587;2.38377e+11
38;2436.21;0.312449;5.10300e-06;1.78790e-06;0.722915;-0.688129;5.10300e-06;5.10298e-06;3.04807;-15.9998;-1.54937;-0.459375;0.738295;-536521;2.79313e-07;7.97219e-07;-2.67945e+06;-2.67941e+06;-1.71714e+06;-1.71712e+06;-9.45171;-837192;0.738295;-2.95318;2.22037e+11
39;2523.27;0.321618;5.07150e-06;1.80024e-06;0.730732;-0.715653;5.07150e-06;5.07148e-06;3.04791;-15.9998;-1.56287;-0.472873;0.75527;-541224;2.89494e-07;8.15547e-07;-2.68596e+06;-2.68592e+06;-1.68281e+06;-1.68279e+06;-9.39337;-863855;0.75527;-3.02108;2.06783e+11
40;2612.84;0.330966;5.04000e-06;1.81202e-06;0.738456;-0.743564;5.04000e-06;5.03998e-06;3.04775;-15.9998;-1.57646;-0.486456;0.772393;-546012;2.99858e-07;8.34038e-07;-2.69203e+06;-2.69199e+06;-1.64975e+06;-1.64973e+06;-9.33502;-890969;0.772393;-3.08957;1.92530e+11
41;2704.99;0.340496;5.00850e-06;1.82325e-06;0.746088;-0.771852;5.00850e-06;5.00848e-06;3.04761;-15.9998;-1.59012;-0.500124;0.789669;-550887;3.10404e-07;8.52692e-07;-2.69767e+06;-2.69763e+06;-1.61789e+06;-1.61787e+06;-9.27668;-918548;0.789669;-3.15868;1.79201e+11
42;2799.8;0.350215;4.97700e-06;1.83393e-06;0.75363;-0.800505;4.97700e-06;4.97698e-06;3.04747;-15.9998;-1.60388;-0.513878;0.8071;-555851;3.21134e-07;8.71514e-07;-2.70292e+06;-2.70288e+06;-1.58717e+06;-1.58715e+06;-9.21834;-946605;0.8071;-3.2284;1.66728e+11
43;2897.38;0.360126;4.94550e-06;1.84407e-06;0.761085;-0.82951;4.94550e-06;4.94548e-06;3.04734;-15.9998;-1.61772;-0.527719;0.824689;-560907;3.32048e-07;8.90507e-07;-2.70781e+06;-2.70777e+06;-1.55753e+06;-1.5575e+06;-9.15999;-975153;0.824689;-3.29875;1.55045e+11
44;2997.8;0.370235;4.91400e-06;1.85368e-06;0.768453;-0.858857;4.91400e-06;4.91398e-06;3.04722;-15.9998;-1.63165;-0.541649;0.842438;-566057;3.43149e-07;9.09673e-07;-2.71235e+06;-2.71231e+06;-1.52891e+06;-1.52889e+06;-9.10165;-1.00421e+06;0.842438;-3.36975;1.44095e+11
45;3101.18;0.380547;4.88250e-06;1.86277e-06;0.775736;-0.888533;4.88250e-06;4.88248e-06;3.0471;-15.9998;-1.64567;-0.555668;0.860351;-571304;3.54436e-07;9.29016e-07;-2.71656e+06;-2.71652e+06;-1.50127e+06;-1.50125e+06;-9.0433;-1.03378e+06;0.860351;-3.4414;1.33826e+11
46;3207.6;0.391067;4.85100e-06;1.87135e-06;0.782936;-0.918526;4.85100e-06;4.85098e-06;3.04699;-15.9998;-1.65978;-0.569779;0.878431;-576650;3.65911e-07;9.48539e-07;-2.72047e+06;-2.72043e+06;-1.47455e+06;-1.47453e+06;-8.98496;-1.06389e+06;0.878431;-3.51372;1.24188e+11
47;3317.18;0.401801;4.81950e-06;1.87942e-06;0.790054;-0.948824;4.81950e-06;4.81948e-06;3.04689;-15.9998;-1.67398;-0.583981;0.896681;-582099;3.77576e-07;9.68245e-07;-2.7241e+06;-2.72406e+06;-1.44872e+06;-1.4487e+06;-8.92662;-1.09455e+06;0.896681;-3.58672;1.15137e+11
48;3430.03;0.412754;4.78800e-06;1.88699e-06;0.797092;-0.979417;4.78800e-06;4.78798e-06;3.0468;-15.9998;-1.68828;-0.598276;0.915104;-587653;3.89431e-07;9.88139e-07;-2.72746e+06;-2.72742e+06;-1.42374e+06;-1.42371e+06;-8.86827;-1.12577e+06;0.915104;-3.66042;1.06633e+11
49;3546.25;0.423933;4.75650e-06;1.89407e-06;0.80405;-1.01029;4.75650e-06;4.75648e-06;3.04671;-15.9998;-1.70267;-0.612666;0.933704;-593315;4.01479e-07;1.00822e-06;-2.73057e+06;-2.73053e+06;-1.39955e+06;-1.39953e+06;-8.80993;-1.15758e+06;0.933704;-3.73482;9.86389e+10
50;3665.97;0.435342;4.72500e-06;1.90067e-06;0.81093;-1.04144;4.72500e-06;4.72498e-06;3.04663;-15.9998;-1.71715;-0.627151;0.952484;-599088;4.13720e-07;1.02850e-06;-2.73344e+06;-2.7334e+06;-1.37613e+06;-1.37611e+06;-8.75158;-1.18998e+06;0.952484;-3.80994;9.11194e+10
51;3789.32;0.44699;4.69350e-06;1.90679e-06;0.817733;-1.07284;4.69350e-06;4.69348e-06;3.04655;-15.9998;-1.73173;-0.641733;0.971448;-604976;4.26157e-07;1.04898e-06;-2.73608e+06;-2.73604e+06;-1.35344e+06;-1.35342e+06;-8.69324;-1.223e+06;0.971448;-3.88579;8.40433e+10
52;3916.41;0.458882;4.66200e-06;1.91243e-06;0.824461;-1.10449;4.66200e-06;4.66198e-06;3.04648;-15.9998;-1.74641;-0.656413;0.990599;-610982;4.38790e-07;1.06966e-06;-2.73852e+06;-2.73848e+06;-1.33146e+06;-1.33144e+06;-8.6349;-1.25666e+06;0.990599;-3.96239;7.73815e+10
53;4047.39;0.471024;4.63050e-06;1.91762e-06;0.831113;-1.13638;4.63050e-06;4.63048e-06;3.04641;-15.9998;-1.76119;-0.671193;1.00994;-617109;4.51622e-07;1.09054e-06;-2.74076e+06;-2.74072e+06;-1.31014e+06;-1.31012e+06;-8.57655;-1.29096e+06;1.00994;-4.03976;7.11070e+10
54;4182.4;0.483425;4.59900e-06;1.92234e-06;0.837693;-1.16849;4.59900e-06;4.59898e-06;3.04636;-15.9998;-1.77607;-0.686074;1.02948;-623360;4.64654e-07;1.11164e-06;-2.74282e+06;-2.74277e+06;-1.28947e+06;-1.28945e+06;-8.51821;-1.32594e+06;1.02948;-4.11791;6.51951e+10
55;4321.58;0.49609;4.56750e-06;1.92662e-06;0.844199;-1.20081;4.56750e-06;4.56748e-06;3.0463;-15.9998;-1.79106;-0.701057;1.04921;-629741;4.77889e-07;1.13295e-06;-2.74469e+06;-2.74465e+06;-1.26941e+06;-1.26939e+06;-8.45986;-1.36162e+06;1.04921;-4.19685;5.96229e+10
56;4465.08;0.509028;4.53600e-06;1.93045e-06;0.850634;-1.23333;4.53600e-06;4.53598e-06;3.04626;-15.9998;-1.80614;-0.716143;1.06915;-636253;4.91328e-07;1.15448e-06;-2.74641e+06;-2.74636e+06;-1.24994e+06;-1.24992e+06;-8.40152;-1.398e+06;1.06915;-4.27661;5.43690e+10
57;4613.06;0.522247;4.50450e-06;1.93385e-06;0.856999;-1.26604;4.50450e-06;4.50448e-06;3.04621;-15.9998;-1.82134;-0.731335;1.0893;-642903;5.04973e-07;1.17624e-06;-2.74796e+06;-2.74792e+06;-1.23103e+06;-1.23101e+06;-8.34318;-1.43511e+06;1.0893;-4.3572;4.94139e+10
58;4765.69;0.535753;4.47300e-06;1.93681e-06;0.863293;-1.29893;4.47300e-06;4.47298e-06;3.04618;-15.9998;-1.83663;-0.746634;1.10966;-649692;5.18827e-07;1.19822e-06;-2.74937e+06;-2.74933e+06;-1.21267e+06;-1.21265e+06;-8.28483;-1.47299e+06;1.10966;-4.43863;4.47391e+10
59;4923.15;0.549557;4.44150e-06;1.93935e-06;0.869519;-1.33198;4.44150e-06;4.44148e-06;3.04615;-15.9998;-1.85204;-0.76204;1.13023;-656627;5.32891e-07;1.22043e-06;-2.75064e+06;-2.7506e+06;-1.19483e+06;-1.19481e+06;-8.22649;-1.51163e+06;1.13023;-4.52092;4.03279e+10
60;5085.61;0.563666;4.41000e-06;1.94147e-06;0.875676;-1.36519;4.41000e-06;4.40998e-06;3.04612;-15.9998;-1.86756;-0.777556;1.15103;-663711;5.47169e-07;1.24289e-06;-2.75178e+06;-2.75174e+06;-1.17749e+06;-1.17747e+06;-8.16815;-1.55108e+06;1.15103;-4.6041;3.61644e+10
61;5253.26;0.578089;4.37850e-06;1.94317e-06;0.881765;-1.39854;4.37850e-06;4.37848e-06;3.0461;-15.9998;-1.88318;-0.793184;1.17205;-670950;5.61663e-07;1.26559e-06;-2.7528e+06;-2.75275e+06;-1.16063e+06;-1.16062e+06;-8.1098;-1.59136e+06;1.17205;-4.68818;3.22340e+10
62;5426.31;0.592835;4.34700e-06;1.94446e-06;0.887788;-1.43202;4.34700e-06;4.34698e-06;3.04608;-15.9998;-1.89892;-0.808924;1.1933;-678347;5.76374e-07;1.28853e-06;-2.7537e+06;-2.75365e+06;-1.14424e+06;-1.14422e+06;-8.05146;-1.63249e+06;1.1933;-4.77319;2.85231e+10
63;5604.95;0.607915;4.31550e-06;1.94536e-06;0.893745;-1.46563;4.31550e-06;4.31548e-06;3.04607;-15.9998;-1.91478;-0.824779;1.21478;-685908;5.91306e-07;1.31174e-06;-2.75448e+06;-2.75444e+06;-1.1283e+06;-1.12828e+06;-7.99311;-1.67449e+06;1.21478;-4.85913;2.50190e+10
64;5789.41;0.623338;4.28400e-06;1.94585e-06;0.899636;-1.49934;4.28400e-06;4.28398e-06;3.04607;-15.9998;-1.93075;-0.84075;1.23651;-693639;6.06462e-07;1.33520e-06;-2.75517e+06;-2.75512e+06;-1.11278e+06;-1.11276e+06;-7.93477;-1.7174e+06;1.23651;-4.94604;2.17098e+10
65;5979.91;0.639115;4.25250e-06;1.94595e-06;0.905462;-1.53315;4.25250e-06;4.25248e-06;3.04606;-15.9998;-1.94684;-0.856838;1.25848;-701545;6.21845e-07;1.35892e-06;-2.75575e+06;-2.75571e+06;-1.09768e+06;-1.09767e+06;-7.87643;-1.76124e+06;1.25848;-5.03394;1.85844e+10
66;6176.68;0.655255;4.22100e-06;1.94567e-06;0.911224;-1.56704;4.22100e-06;4.22098e-06;3.04607;-15.9998;-1.96305;-0.873047;1.28071;-709632;6.37456e-07;1.38292e-06;-2.75625e+06;-2.7562e+06;-1.08299e+06;-1.08297e+06;-7.81808;-1.80604e+06;1.28071;-5.12284;1.56326e+10
67;6379.98;0.671772;4.18950e-06;1.94500e-06;0.916922;-1.60101;4.18950e-06;4.18948e-06;3.04608;-15.9998;-1.97938;-0.889377;1.30319;-717905;6.53301e-07;1.40720e-06;-2.75665e+06;-2.75661e+06;-1.06867e+06;-1.06866e+06;-7.75974;-1.85184e+06;1.30319;-5.21277;1.28448e+10
68;6590.07;0.688675;4.15800e-06;1.94396e-06;0.922557;-1.63504;4.15800e-06;4.15798e-06;3.04609;-15.9998;-1.99583;-0.90583;1.32594;-726371;6.69381e-07;1.43176e-06;-2.75697e+06;-2.75693e+06;-1.05474e+06;-1.05472e+06;-7.70139;-1.89866e+06;1.32594;-5.30376;1.02118e+10
69;6807.21;0.705978;4.12650e-06;1.94255e-06;0.928129;-1.66913;4.12650e-06;4.12648e-06;3.04611;-15.9998;-2.01241;-0.922408;1.34896;-735036;6.85700e-07;1.45662e-06;-2.75721e+06;-2.75717e+06;-1.04116e+06;-1.04114e+06;-7.64305;-1.94653e+06;1.34896;-5.39583;7.72526e+09
70;7031.7;0.723693;4.09500e-06;1.94077e-06;0.933638;-1.70325;4.09500e-06;4.09498e-06;3.04613;-15.9998;-2.02911;-0.939113;1.37225;-743908;7.02262e-07;1.48177e-06;-2.75738e+06;-2.75734e+06;-1.02793e+06;-1.02792e+06;-7.58471;-1.9955e+06;1.37225;-5.489;5.37728e+09
71;7263.83;0.741832;4.06350e-06;1.93862e-06;0.939086;-1.7374;4.06350e-06;4.06348e-06;3.04615;-15.9998;-2.04595;-0.955947;1.39582;-752992;7.19070e-07;1.50723e-06;-2.75748e+06;-2.75744e+06;-1.01504e+06;-1.01503e+06;-7.52636;-2.04559e+06;1.39582;-5.5833;3.16043e+09
72;7503.91;0.76041;4.03200e-06;1.93613e-06;0.944472;-1.77157;4.03200e-06;4.03198e-06;3.04618;-15.9998;-2.06291;-0.972912;1.41969;-762298;7.36128e-07;1.53300e-06;-2.75752e+06;-2.75747e+06;-1.00248e+06;-1.00247e+06;-7.46802;-2.09684e+06;1.41969;-5.67876;1.06777e+09
73;7752.28;0.779441;4.00050e-06;1.93327e-06;0.949796;-1.80575;4.00050e-06;4.00048e-06;3.04622;-15.9998;-2.08001;-0.990011;1.44385;-771832;7.53440e-07;1.55909e-06;-2.75749e+06;-2.75745e+06;-990237;-990222;-7.40967;-2.1493e+06;1.44385;-5.77541;-9.07233e+08
74;8009.27;0.79894;3.96900e-06;1.93007e-06;0.95506;-1.83992;3.96900e-06;3.96898e-06;3.04626;-15.9998;-2.09724;-1.00724;1.46832;-781602;7.71010e-07;1.58550e-06;-2.7574e+06;-2.75736e+06;-978299;-978284;-7.35133;-2.203e+06;1.46832;-5.87327;-2.77070e+09
75;8275.26;0.818921;3.93750e-06;1.92653e-06;0.960263;-1.87408;3.93750e-06;3.93748e-06;3.0463;-15.9998;-2.11461;-1.02461;1.49309;-791617;7.88843e-07;1.61226e-06;-2.75726e+06;-2.75722e+06;-966658;-966644;-7.29299;-2.25798e+06;1.49309;-5.97238;-4.52838e+09
76;8550.62;0.839401;3.90600e-06;1.92265e-06;0.965405;-1.9082;3.90600e-06;3.90598e-06;3.04635;-15.9998;-2.13213;-1.04213;1.51819;-801885;8.06942e-07;1.63936e-06;-2.75706e+06;-2.75702e+06;-955307;-955292;-7.23464;-2.31428e+06;1.51819;-6.07277;-6.18569e+09
77;8835.75;0.860397;3.87450e-06;1.91843e-06;0.970488;-1.94229;3.87450e-06;3.87448e-06;3.0464;-15.9998;-2.14978;-1.05978;1.54362;-812417;8.25312e-07;1.66681e-06;-2.75682e+06;-2.75678e+06;-944235;-944221;-7.1763;-2.37196e+06;1.54362;-6.17446;-7.74772e+09
