pot,T,T_mean,f0,f1,slope_per_ps
alnb,900.0,899.93,0.4395,0.5211,1.461956e-04
alnb,930.0,931.95,0.3189,0.4051,8.978405e-04
jelinek,900.0,898.58,0.4100,0.3955,-2.760472e-04
jelinek,960.0,961.14,0.2766,0.0448,-2.501513e-03
borovikov,900.0,900.25,0.1893,0.3003,9.583893e-04
borovikov,930.0,932.73,0.1500,0.1974,2.646348e-04
borovikov,960.0,957.96,0.1219,0.0537,-7.605517e-04
borovikov,990.0,990.91,0.0912,0.0000,-1.074936e-03
mendelev,900.0,902.31,0.2102,0.3704,1.310384e-03
mendelev,920.0,918.01,0.1716,0.2627,6.024700e-04
mendelev,940.0,938.27,0.1241,0.1204,-5.049760e-04
mendelev,960.0,961.50,0.1184,0.0188,-1.034371e-03
