i,r,DT,gradT_table,a,b,disc,rc2_vertex,root_minus,root_plus,root_imag,rc1,rc_CNT,dG_V,ddG_S_dr,dG_conf,denominator,G_star_rc2,G_star_rc1,G_star_CNT,G_eq,Gamma1,Gamma2,gradT_model,I_rel
1,6.2685e-06,0.101843,646.441,607074757736.6913,-2536965.412581633,39697300688833.086,6.2685e-06,1.0792055080036279e-06,1.1457794491996371e-05,0.0,9.863057290688448e-07,6.268521339008195e-06,-99793.21220890475,-534448.1409365034,0.0,-634241.3531454082,5.148194444977465e-11,1.7316675407953795e-10,5.1481944451564395e-11,5.148194444977465e-11,5.0224167182779186e-08,3.1920142275e-07,646.4392146968132,2.556027255286041e+21
2,6.237e-06,0.107886,688.255,619367816757.758,-2575331.382078758,40088994181313.78,6.237000000000001e-06,1.1256696661818124e-06,1.1348330333818188e-05,0.0,1.0240878001114362e-06,6.236995223125447e-06,-105714.58511993849,-538118.260399751,0.0,-643832.8455196895,5.371799044807628e-11,1.7322784742272288e-10,5.371799044817064e-11,5.148194444977465e-11,5.52423682014112e-08,3.36442491e-07,688.2551783875347,2.6427007624925964e+21
3,6.2055e-06,0.114028,731.131,631929903924.0488,-2614294.0125337895,40479371728951.94,6.2054999999999984e-06,1.171444739513474e-06,1.1239555260486523e-05,0.0,1.060874859750861e-06,6.20550699244223e-06,-111732.96546406715,-541840.5376693802,0.0,-653573.5031334474,5.5920590271121995e-11,1.7318605822000193e-10,5.5920590271335175e-11,5.148194444977465e-11,6.048471925383559e-08,3.53800377e-07,731.1304427879562,2.730399021031307e+21
4,6.174e-06,0.120272,775.101,644769067349.8346,-2653869.481211919,40868338533710.45,6.173999999999999e-06,1.21653905709896e-06,1.1131460942901038e-05,0.0,1.0966842403312869e-06,6.1740027735355055e-06,-117851.29286047535,-545616.0774425043,0.0,-663467.3703029797,5.808893652070625e-11,1.7305137883713883e-10,5.808893652074157e-11,5.148194444977465e-11,6.595020347656227e-08,3.712796639999999e-07,775.1005553753012,2.81898542312466e+21
5,6.1425e-06,0.12662,820.194,657892592964.9911,-2694070.168191638,41255627642761.63,6.142499999999998e-06,1.2609627593705464e-06,1.1024037240629449e-05,0.0,1.1315344255879348e-06,6.142491376969863e-06,-124071.52705528626,-549446.0149926232,0.0,-673517.5420479095,6.022328032314763e-11,1.728334651426224e-10,6.022328032350362e-11,5.148194444977465e-11,7.163744448397216e-08,3.888816749999999e-07,820.195315193154,2.908372367519934e+21
6,6.111e-06,0.133074,866.443,671307947961.7236,-2734908.5799960615,41640949564328.555,6.110999999999999e-06,1.3047259810351556e-06,1.0917274018964843e-05,0.0,1.1654435488973587e-06,6.110982429565557e-06,-130395.627794623,-553331.5172043924,0.0,-683727.1449990154,6.232391811943027e-11,1.7254155065230024e-10,6.232391812097607e-11,5.148194444977465e-11,7.754511741298354e-08,4.066076069999999e-07,866.445135698367,2.998471498221166e+21
7,6.0795e-06,0.139636,913.879,685022786552.3651,-2776397.353896736,42023990992357.22,6.079500000000001e-06,1.347838873782058e-06,1.0811161126217942e-05,0.0,1.1984294133265855e-06,6.079486131551058e-06,-136825.5548246087,-557273.7836495753,0.0,-694099.338474184,6.439118948213065e-11,1.72184390033618e-10,6.439118948313612e-11,5.148194444977465e-11,8.367194477963556e-08,4.2445853100000005e-07,913.8810606785055,3.0891941441844554e+21
8,6.048e-06,0.146308,962.537,699044955949.8347,-2818549.262389733,42404413459186.81,6.047999999999999e-06,1.3903116281723093e-06,1.070568837182769e-05,0.0,1.2305095098330948e-06,6.048013069030501e-06,-143363.26789136647,-561274.0477060667,0.0,-704637.3155974332,6.642547496342497e-11,1.7177022255713272e-10,6.642547496435519e-11,5.148194444977465e-11,9.001669268233021e-08,4.424353919999999e-07,962.5347806667093,3.1804517574048633e+21
9,6.0165e-06,0.153094,1012.45,713384456952.4806,-2861385.0568363997,42782170989688.44,6.0165e-06,1.4321499584723197e-06,1.0600850041527681e-05,0.0,1.261697577224728e-06,6.016495468246535e-06,-150012.68648714258,-565333.5777219574,0.0,-715346.2642090999,6.84254061690079e-11,1.713068061108927e-10,6.842540616912438e-11,5.148194444977465e-11,9.657916444382126e-08,4.6054502550000004e-07,1012.4518764111455,3.272042704542207e+21
10,5.985e-06,0.159995,1063.66,728048590187.1892,-2904913.874846885,43156716714452.63,5.985e-06,1.473366242070836e-06,1.0496633757929165e-05,0.0,1.2920121833177916e-06,5.9849930371142846e-06,-156774.7904849986,-569453.6782267226,0.0,-726228.4687117212,7.039240301603384e-11,1.7080128929217248e-10,7.039240301631963e-11,5.148194444977465e-11,1.0335774463496503e-07,4.787850375000001e-07,1063.6589440262237,3.3639333721565393e+21
11,5.9535e-06,0.167014,1116.19,743046823578.5762,-2949152.842783369,43527793335240.53,5.953500000000001e-06,1.513968438435365e-06,1.0393031561564636e-05,0.0,1.3214681921450806e-06,5.953485603706774e-06,-163652.51950411923,-573635.691191723,0.0,-737288.2106958423,7.232613086411389e-11,1.7026033142515368e-10,7.232613086538276e-11,5.148194444977465e-11,1.1035184432145923e-07,4.971589245000001e-07,1116.1965090093981,3.455978263691963e+21
12,5.922e-06,0.174153,1170.1,758387872981.705,-2994115.322531771,43894954012154.58,5.921999999999999e-06,1.5539668695424353e-06,1.0290033130457563e-05,0.0,1.3500819462364985e-06,5.9219929194996525e-06,-170647.8332906276,-577880.9973423152,0.0,-748528.8306329427,7.422719402922678e-11,1.6969003346366422e-10,7.422719402954504e-11,5.148194444977465e-11,1.1756041059146247e-07,5.156670329999999e-07,1170.0992403023831,3.548090226175357e+21
13,5.8905e-06,0.181415,1225.41,774081679641.1611,-3039818.7559508397,44257883282373.55,5.8905e-06,1.593369580695407e-06,1.0187630419304593e-05,0.0,1.3778677879201377e-06,5.890501009644188e-06,-177763.6714637084,-582191.0175240015,0.0,-759954.6889877099,7.609538687690212e-11,1.690960166182905e-10,7.609538687690884e-11,5.148194444977465e-11,1.249829423727659e-07,5.3431252875e-07,1225.409303158314,3.640125420578512e+21
14,5.859e-06,0.188803,1282.17,790138441134.3674,-3086280.7510708384,44616235829912.1,5.8589999999999985e-06,1.6321846431249728e-06,1.0085815356875025e-05,0.0,1.4048398138663112e-06,5.859000521054897e-06,-185002.97364254628,-586567.2141251634,0.0,-771570.1877677096,7.793058432767182e-11,1.6848341296966547e-10,7.793058432767344e-11,5.148194444977465e-11,1.3261898568870058e-07,5.530983884999999e-07,1282.1697696099643,3.731940906709707e+21
15,5.8275e-06,0.19632,1340.42,806568619825.3762,-3133519.088021587,44969634694137.06,5.8275000000000005e-06,1.6704201871602144e-06,9.984579812839788e-06,0.0,1.4310118987284372e-06,5.827485941003601e-06,-192368.679446326,-591011.0925590708,0.0,-783379.7720053968,7.973273850645545e-11,1.6785688654461205e-10,7.973273850784752e-11,5.148194444977465e-11,1.404681279791834e-07,5.720274000000001e-07,1340.4246429773013,3.82339540183949e+21
16,5.796e-06,0.203967,1400.21,823380922935.923,-3181543.886224407,45317333253221.734,5.796e-06,1.7080895220778534e-06,9.883910477922146e-06,0.0,1.456401304735536e-06,5.796011783537307e-06,-199861.76874810908,-595524.2028079926,0.0,-795385.9715561017,8.150347379460692e-11,1.672205647587777e-10,8.150347379561753e-11,5.148194444977465e-11,1.4852890246149657e-07,5.91096366e-07,1400.2051534517173,3.9144715704917075e+21
17,5.7645e-06,0.21175,1461.58,840589395595.7985,-3230385.0472746533,45659385744262.85,5.7645e-06,1.7451934598259974e-06,9.783806540174002e-06,0.0,1.4810161493724073e-06,5.764489559179636e-06,-207488.12078626492,-600108.1410323984,0.0,-807596.2618186633,8.324045044768982e-11,1.6657837908480006e-10,8.324045044850909e-11,5.148194444977465e-11,1.568025848148036e-07,6.103164375e-07,1461.5777257224756,4.004852528004766e+21
18,5.733e-06,0.219669,1524.57,858202288654.2958,-3280049.147236719,45994800239372.77,5.733e-06,1.7817482202552153e-06,9.684251779744784e-06,0.0,1.5048751415544808e-06,5.733003894202865e-06,-215247.73556079355,-604764.5512483862,0.0,-820012.2868091797,8.494619206655539e-11,1.659335920799399e-10,8.494619206667298e-11,5.148194444977465e-11,1.6528720873506562e-07,6.296811885000001e-07,1524.5686025664384,4.094589580162644e+21
19,5.7015e-06,0.227729,1589.24,876233243371.3901,-3330562.5580546535,46323388970704.78,5.701499999999999e-06,1.8177573826412662e-06,9.585242617358733e-06,0.0,1.5279878568895498e-06,5.701502900215419e-06,-223145.5124370027,-609495.1270766606,0.0,-832640.6395136634,8.661932992274559e-11,1.652893331589544e-10,8.661932992281254e-11,5.148194444977465e-11,1.7398357333080013e-07,6.491984467499999e-07,1589.2394999287137,4.183433331098084e+21
20,5.67e-06,0.235933,1655.64,894694184762.5708,-3381944.0184025173,46644585697788.74,5.67e-06,1.8532298262929297e-06,9.48677017370707e-06,0.0,1.5503673228483328e-06,5.6699929765811636e-06,-231184.39103407718,-614301.6135665522,0.0,-845486.0046006293,8.826015478398331e-11,1.6464829671203427e-10,8.826015478438954e-11,5.148194444977465e-11,1.8289140679078785e-07,6.68870055e-07,1655.6394703924225,4.2712610429844277e+21
21,5.6385e-06,0.244283,1723.81,913596318379.2588,-3434208.560787634,46957604544454.5,5.638500000000001e-06,1.8881773692180235e-06,9.388822630781979e-06,0.0,1.5720282357936112e-06,5.638504797640951e-06,-239366.33109814004,-619185.8090987685,0.0,-858552.1401969085,8.986975126869663e-11,1.6401280595415524e-10,8.986975126889167e-11,5.148194444977465e-11,1.9200988676218536e-07,6.8869484775e-07,1723.8116060706504,4.3580179700635743e+21
22,5.607e-06,0.252784,1793.82,932954306436.889,-3487383.197461091,47262134843613.37,5.607e-06,1.922604034234816e-06,9.291395965765184e-06,0.0,1.5929797902134152e-06,5.606999861839572e-06,-247696.23199449916,-624149.5673707735,0.0,-871845.7993652727,9.144703943027605e-11,1.6338504940894467e-10,9.14470394302762e-11,5.148194444977465e-11,2.01339901644654e-07,7.08679944e-07,1793.8212562217616,4.4434688904201235e+21
23,5.5755e-06,0.261439,1865.72,952781095303.9977,-3541487.331244959,47557471593977.89,5.575499999999999e-06,1.9565194297155157e-06,9.194480570284485e-06,0.0,1.6132346768813012e-06,5.5754902146764165e-06,-256177.03334233913,-629194.7994689007,0.0,-885371.8328112398,9.299251200293642e-11,1.6276684320363937e-10,9.299251200379576e-11,5.148194444977465e-11,2.1088123034458524e-07,7.288265722499999e-07,1865.7209742176499,4.5275092385521614e+21
24,5.544e-06,0.27025,1939.56,973088929566.372,-3596536.68367731,47842677418668.23,5.543999999999999e-06,1.98993627450375e-06,9.09806372549625e-06,0.0,1.6328072722864102e-06,5.544008763167292e-06,-264810.6948877832,-634323.4760315443,0.0,-899134.1709193275,9.450740943830428e-11,1.6215969990456207e-10,9.450740943901281e-11,5.148194444977465e-11,2.206330826677012e-07,7.491329999999998e-07,1939.5573309246356,4.6101045275882905e+21
25,5.5125e-06,0.279223,2015.41,993894667077.2399,-3652562.9015088566,48117474382861.625,5.5125e-06,2.022856548589226e-06,9.002143451410774e-06,0.0,1.651704746669016e-06,5.512506595332403e-06,-273603.0958692007,-639537.6295080134,0.0,-913140.7253772141,9.599022000822194e-11,1.6156512822728454e-10,9.599022000863418e-11,5.148194444977465e-11,2.305969772395813e-07,7.6960839375e-07,2015.4068333309883,4.690977529184564e+21
26,5.481e-06,0.288361,2093.33,1015212405499.3639,-3709586.1296946756,48380996414675.2,5.481e-06,2.0552908114919244e-06,8.906709188508075e-06,0.0,1.6699395690358826e-06,5.481001007022358e-06,-282557.1759057763,-644839.3565178926,0.0,-927396.5324236689,9.744164352196813e-11,1.6098426699998874e-10,9.7441643521978e-11,5.148194444977465e-11,2.4077272203337805e-07,7.902533204999999e-07,2093.325969025818,4.770047076206807e+21
27,5.4495e-06,0.297667,2173.38,1037056641819.6815,-3767626.779730904,48632314091251.08,5.449500000000001e-06,2.0872500585283607e-06,8.81174994147164e-06,0.0,1.6875241380928493e-06,5.4495089304833925e-06,-291675.8746166948,-650230.8203160312,0.0,-941906.694932726,9.886241799973775e-11,1.6041806712921572e-10,9.886241800053428e-11,5.148194444977465e-11,2.511601238068421e-07,8.110681582500003e-07,2173.372531669658,4.847240931570485e+21
28,5.418e-06,0.307147,2255.63,1059445542202.5546,-3826717.298435627,48870985920403.86,5.4180000000000005e-06,2.118737151510516e-06,8.717262848489485e-06,0.0,1.7044655460111714e-06,5.417993990654939e-06,-300965.07124032546,-655714.2533685813,0.0,-956679.3246089068,1.0025135857179179e-10,1.5986748078051468e-10,1.0025135857216177e-10,5.148194444977465e-11,2.617607395303466e-07,8.32061223e-07,2255.6276903768166,4.92230867813982e+21
29,5.3865e-06,0.316803,2340.14,1082393411939.3973,-3886874.7422743766,49095771524518.984,5.386500000000001e-06,2.1497667537882757e-06,8.623233246211726e-06,0.0,1.720777883864078e-06,5.386495059817725e-06,-310426.72552279144,-661291.9600458026,0.0,-971718.6855685941,1.0161001491217892e-10,1.593330801676907e-10,1.0161001491243527e-10,5.148194444977465e-11,2.7257379797089576e-07,8.532296797500001e-07,2340.1449659492114,4.995260163013869e+21
30,5.355e-06,0.32664,2427.0,1105918270327.292,-3948128.225068433,49305913619506.33,5.355000000000001e-06,2.180345433462118e-06,8.529654566537885e-06,0.0,1.7364699704164494e-06,5.354998452895295e-06,-320065.7368294006,-666966.3194377078,0.0,-987032.0562671083,1.0293802890277402e-10,1.5881547023652197e-10,1.0293802890279987e-10,5.148194444977465e-11,2.836002755684145e-07,8.745786000000001e-07,2427.0014291100224,5.065928304621671e+21
31,5.3235e-06,0.336663,2516.27,1130038650689.6736,-4010507.1712976517,49500588016530.03,5.323500000000001e-06,2.2104801825662116e-06,8.436519817433789e-06,0.0,1.7515506589898095e-06,5.323494395357122e-06,-329887.0045254607,-672739.7882989522,0.0,-1002626.7928244129,1.0423515692570702e-10,1.5831513209071998e-10,1.0423515692605368e-10,5.148194444977465e-11,2.948411497537431e-07,8.9611274025e-07,2516.2759747415585,5.134157845976111e+21
32,5.292e-06,0.346875,2608.04,1154771397233.474,-4074033.489439696,49678516269436.09,5.2919999999999995e-06,2.2401843601954247e-06,8.343815639804574e-06,0.0,1.7660322468484682e-06,5.292007047498727e-06,-339893.4682301565,-678614.9041297676,0.0,-1018508.372359924,1.0550248134186093e-10,1.5783232160874375e-10,1.0550248134242212e-10,5.148194444977465e-11,3.0629621781278124e-07,9.178312499999998e-07,2608.0343388606007,5.19992902611307e+21
33,5.2605e-06,0.357283,2702.37,1180138323872.3132,-4138745.1018202025,49839103346957.59,5.2605e-06,2.2694601404496765e-06,8.251539859550324e-06,0.0,1.7799202365346623e-06,5.260500406306703e-06,-350091.987054919,-684594.2884001316,0.0,-1034686.2754550506,1.0673871245362592e-10,1.5736742234663641e-10,1.0673871245362775e-10,5.148194444977465e-11,3.1796762093490693e-07,9.3974361075e-07,2702.3740867171205,5.262988111576305e+21
34,5.229e-06,0.36789,2799.37,1206157372970.4272,-4204664.60217491,49980907152653.984,5.229e-06,2.298322058130836e-06,8.159677941869165e-06,0.0,1.7932269842265746e-06,5.229002283931491e-06,-360485.5006189327,-690680.6499247948,0.0,-1051166.1505437274,1.0794509415959049e-10,1.569205014499852e-10,1.0794509415965219e-10,5.148194444977465e-11,3.298551376135572e-07,9.618484050000002e-07,2799.3646975558127,5.323340633700118e+21
35,5.1975e-06,0.378702,2899.1,1232850420268.76,-4271826.706231253,50102975528452.25,5.1975e-06,2.3267764232668523e-06,8.068223576733148e-06,0.0,1.805959826453915e-06,5.197497670426431e-06,-371079.88816056715,-696876.7883972463,0.0,-1067956.6765578133,1.0912115162341421e-10,1.5649171640150212e-10,1.0912115162348e-10,5.148194444977465e-11,3.419602990988752e-07,9.841518225e-07,2899.1003010479535,5.380822095075024e+21
36,5.166e-06,0.389723,3001.66,1260237708784.2634,-4340258.669053003,50203874510860.61,5.166e-06,2.3548362005461964e-06,7.977163799453803e-06,0.0,1.8181295095470825e-06,5.166002147211938e-06,-381879.06917206856,-703185.5980911823,0.0,-1085064.6672632508,1.102676746040736e-10,1.5608104162011427e-10,1.1026767460413073e-10,5.148194444977465e-11,3.542834434246088e-07,1.0066545089999999e-06,3001.661918631568,5.435403551808017e+21
37,5.1345e-06,0.400959,3107.15,1288342383441.863,-4409995.978521497,50282465545865.984,5.1345000000000006e-06,2.3825091069709266e-06,7.886490893029073e-06,0.0,1.8297435363409333e-06,5.134505687763625e-06,-392888.9228918064,-709610.0717385679,0.0,-1102498.9946303742,1.1138438620740754e-10,1.5568850074855874e-10,1.1138438620781783e-10,5.148194444977465e-11,3.6682606929386214e-07,1.02936199275e-06,3107.1480585832724,5.486950064866429e+21
38,5.103e-06,0.412416,3215.66,1317188281189.9778,-4481074.532608304,50337513023272.625,5.103e-06,2.4098036102936362e-06,7.796196389706363e-06,0.0,1.8408095440400356e-06,5.10300165834538e-06,-404115.32855814986,-716153.3045939261,0.0,-1120268.633152076,1.1247113195589083e-10,1.553140606681682e-10,1.1247113195592643e-10,5.148194444977465e-11,3.7958965445740763e-07,1.052279424e-06,3215.6596614828095,5.535343416569563e+21
39,5.0715e-06,0.424099,3327.29,1346798798262.6475,-4553526.73692601,50367473804232.125,5.071499999999999e-06,2.4367320692738124e-06,7.706267930726185e-06,0.0,1.8513369024171192e-06,5.071498377155681e-06,-415563.18553640693,-722818.4986950955,0.0,-1138381.6842315025,1.1352840933383624e-10,1.5495758405526024e-10,1.1352840933387088e-10,5.148194444977465e-11,3.925750644890989e-07,1.0754090392499996e-06,3327.292330194702,5.580540550745449e+21
40,5.04e-06,0.436013,3442.15,1377198048241.9065,-4627385.442092806,50370686601445.56,5.04e-06,2.463307809695064e-06,7.616692190304937e-06,0.0,1.8613350552005504e-06,5.040005202344042e-06,-427237.3931918854,-729608.9673313162,0.0,-1156846.3605232015,1.1455678699453309e-10,1.546188916173601e-10,1.145567869948992e-10,5.148194444977465e-11,4.057831407115788e-07,1.09875276e-06,3442.144057655087,5.622513196406808e+21
41,5.0085e-06,0.448166,3560.34,1408414411787.0852,-4702695.720957078,50345987753766.375,5.0085e-06,2.489535906771082e-06,7.5274640932289196e-06,0.0,1.8708088396748942e-06,5.008498837520986e-06,-439145.7905090777,-736528.1397301919,0.0,-1175673.9302392695,1.1555535329189269e-10,1.5429792636215648e-10,1.155553532919113e-10,5.148194444977465e-11,4.1921645722086927e-07,1.1223197055000002e-06,3560.339134757032,5.661077475817757e+21
42,4.977e-06,0.460562,3681.98,1440472408626.9106,-4779487.4518240895,50291263879095.78,4.977e-06,2.515434846352173e-06,7.438565153647826e-06,0.0,1.8797695393155267e-06,4.9770043636891975e-06,-451292.29698023025,-743579.565975792,0.0,-1194871.8629560224,1.1652539905378974e-10,1.5399438418231611e-10,1.1652539905405847e-10,5.148194444977465e-11,4.3287520928311884e-07,1.146108537e-06,3681.973020910664,5.696296300455249e+21
43,4.9455e-06,0.473209,3807.18,1473402091308.1816,-4857806.695043075,50205098526335.94,4.9454999999999995e-06,2.5410118878950766e-06,7.349988112104923e-06,0.0,1.8882223403848042e-06,4.945503974090725e-06,-463684.75158983533,-750766.9221709335,0.0,-1214451.6737607687,1.1746624699770889e-10,1.5370814328208686e-10,1.174662469979364e-10,5.148194444977465e-11,4.467619027355764e-07,1.1701275547499998e-06,3807.1757893829094,5.728022914612962e+21
44,4.914e-06,0.486113,3936.07,1507232050590.6907,-4937692.197735103,50085520047189.41,4.914e-06,2.5662817418676176e-06,7.261718258132383e-06,0.0,1.8961757204346615e-06,4.914004501273985e-06,-476329.0335762626,-758094.0158575131,0.0,-1234423.0494337757,1.183783595320372e-10,1.5343895014082258e-10,1.1837835953233518e-10,5.148194444977465e-11,4.608778339938273e-07,1.194379641e-06,3936.064654621008,5.756242413833266e+21
45,4.8825e-06,0.499281,4068.77,1541992987724.2183,-5019187.17504233,49930619724949.375,4.882499999999999e-06,2.5912573553291715e-06,7.173742644670827e-06,0.0,1.9036368042234333e-06,4.882504309633198e-06,-489232.0020509428,-765564.7917096398,0.0,-1254796.7937605826,1.1926180479428632e-10,1.5318658040358753e-10,1.1926180479456518e-10,5.148194444977465e-11,4.7522484362474e-07,1.2188697412499998e-06,4068.768005215802,5.780902880635469e+21
46,4.851e-06,0.51272,4205.42,1577716578405.1748,-5102335.414562336,49738333930640.0,4.851000000000001e-06,2.615953144263419e-06,7.086046855736581e-06,0.0,1.910612920290871e-06,4.851004155959614e-06,-502400.51612530695,-773183.3375152771,0.0,-1275583.853640584,1.2011676594101525e-10,1.5295078933786674e-10,1.2011676594127985e-10,5.148194444977465e-11,4.898047282457676e-07,1.24360236e-06,4205.417564526724,5.801971865811102e+21
47,4.8195e-06,0.526438,4346.15,1614436732333.5935,-5187185.220987837,49506653802164.25,4.8195e-06,2.6403819373167698e-06,6.998618062683232e-06,0.0,1.917110148240241e-06,4.819497749193697e-06,-515842.4147838476,-780953.8904631117,0.0,-1296796.3052469592,1.2094307538717367e-10,1.527313637167749e-10,1.2094307538725282e-10,5.148194444977465e-11,5.04619816109648e-07,1.2685839705e-06,4346.156755442017,5.819384058034903e+21
48,4.788e-06,0.540441,4491.12,1652185991249.8699,-5273777.684069585,49232957075399.56,4.7880000000000006e-06,2.664564715533732e-06,6.911435284466269e-06,0.0,1.9231376976486694e-06,4.787999547492716e-06,-529563.5772649341,-788880.8437524622,0.0,-1318444.4210173963,1.2174160496570266e-10,1.525279764268456e-10,1.2174160496570613e-10,5.148194444977465e-11,5.196712302274722e-07,1.293815754e-06,4491.116154946063,5.833198389902214e+21
49,4.7565e-06,0.554738,4640.45,1691001672622.3035,-5362166.303885324,48915097940719.875,4.756499999999999e-06,2.6885147782240353e-06,6.8244852217759645e-06,0.0,1.9287006593625786e-06,4.756498696787336e-06,-543572.8224261205,-796968.7535452106,0.0,-1340541.575971331,1.2251196188829294e-10,1.523404333750039e-10,1.2251196188832065e-10,5.148194444977465e-11,5.34961773186739e-07,1.3193056485e-06,4640.454894403019,5.843337754655328e+21
50,4.725e-06,0.569337,4794.32,1730921060992.8772,-5452401.342127562,48550519375365.31,4.724999999999999e-06,2.712250709650139e-06,6.737749290349858e-06,0.0,1.9338058512376857e-06,4.724996245523855e-06,-557877.9892518994,-805222.346279991,0.0,-1363100.3355318904,1.232543466227127e-10,1.5216847795383602e-10,1.2325434662294618e-10,5.148194444977465e-11,5.50493610963055e-07,1.3450586624999995e-06,4794.327927783621,5.849798859317225e+21
51,4.6935e-06,0.584245,4952.89,1771981416713.2278,-5544529.85289569,48136228048800.34,4.6935e-06,2.7357967160649154e-06,6.6512032839350855e-06,0.0,1.9384617132278456e-06,4.6935034320475005e-06,-572485.9368537018,-813646.5263702206,0.0,-1386132.4632239225,1.2396950172501194e-10,1.5201179646800546e-10,1.2396950172521073e-10,5.148194444977465e-11,5.662682818224012e-07,1.37107695375e-06,4952.885891484201,5.852646947649225e+21
52,4.662e-06,0.599473,5116.32,1814226291047.8909,-5638615.312576845,47669927703836.59,4.6620000000000004e-06,2.759166473764526e-06,6.564833526235474e-06,0.0,1.9426714469577728e-06,4.662001257850513e-06,-587407.4438352047,-822246.3843090066,0.0,-1409653.8281442113,1.2465658309695912e-10,1.5187025034394763e-10,1.2465658309698642e-10,5.148194444977465e-11,5.822895401610585e-07,1.397371563e-06,5116.317631924484,5.85177367097744e+21
53,4.6305e-06,0.615029,5284.79,1857696863474.456,-5734710.217545646,47148410792616.94,4.6305e-06,2.782386302408892e-06,6.478613697591108e-06,0.0,1.9464427179328496e-06,4.630497998370109e-06,-602650.3491809007,-831027.2052055108,0.0,-1433677.5543864116,1.2531617443853132e-10,1.5174355076984532e-10,1.2531617443860163e-10,5.148194444977465e-11,5.985593591837614e-07,1.4239458922500001e-06,5284.791355947808,5.847239763890035e+21
54,4.599e-06,0.630921,5458.48,1902435707311.5657,-5832867.878617261,46568216265507.375,4.599e-06,2.8054858096320655e-06,6.392514190367935e-06,0.0,1.9497834147585186e-06,4.599003271341649e-06,-618222.4918752824,-839994.4777790329,0.0,-1458216.9696543152,1.2594895555906104e-10,1.5163140261911193e-10,1.2594895555925222e-10,5.148194444977465e-11,6.150796509114295e-07,1.4508028395000001e-06,5458.47987880418,5.839123475532492e+21
55,4.5675e-06,0.647161,5637.6,1948491998993.706,-5933158.136935835,45926569899480.375,4.5675e-06,2.8284847806068694e-06,6.306515219393131e-06,0.0,1.9526964769260055e-06,4.567499615114357e-06,-634135.6303950885,-849153.9038388702,0.0,-1483289.5342339587,1.265541314700417e-10,1.5153367872996749e-10,1.2655413147004433e-10,5.148194444977465e-11,6.318545023519554e-07,1.47795393375e-06,5637.595628149648,5.827342207868197e+21
56,4.536e-06,0.663757,5822.32,1995911391540.675,-6035636.048019001,45219479326256.25,4.536e-06,2.851420442620602e-06,6.220579557379398e-06,0.0,1.9551904447596374e-06,4.536001463393534e-06,-650397.6037248116,-858511.4082799389,0.0,-1508909.0120047503,1.2713265130379693e-10,1.5145006645367877e-10,1.271326513038367e-10,5.148194444977465e-11,6.488856720211614e-07,1.5054008760000002e-06,5822.321845339901,5.812017715388037e+21
57,4.5045e-06,0.680721,6012.88,2044746346942.964,-6140373.27986972,44443621076487.19,4.504499999999999e-06,2.8743210480358844e-06,6.134678951964114e-06,0.0,1.957269045906668e-06,4.504497422039667e-06,-667020.1703411903,-868073.1496262399,0.0,-1535093.31996743,1.276840379835442e-10,1.513804175819816e-10,1.2768403798366984e-10,5.148194444977465e-11,6.661770710993166e-07,1.5331538722499998e-06,6012.882229795657,5.793116600222771e+21
58,4.473e-06,0.698062,6209.48,2095047190151.9224,-6247430.721033032,43594638995657.81,4.472999999999999e-06,2.8972303285825468e-06,6.048769671417452e-06,0.0,1.9589401903242716e-06,4.472999179096863e-06,-684012.1491017787,-877845.5311564793,0.0,-1561857.680258258,1.2820910974923625e-10,1.5132444713815846e-10,1.2820910974924928e-10,5.148194444977465e-11,6.837308535690707e-07,1.5612156629999997e-06,6209.480096390267,5.77075785557855e+21
59,4.4415e-06,0.715792,6412.35,2146869991397.3738,-6356882.044527622,42668583342799.69,4.441499999999999e-06,2.9201877205180737e-06,5.9628122794819246e-06,0.0,1.960208397872059e-06,4.441500839449645e-06,-701385.2984833159,-887835.2126485896,0.0,-1589220.5111319055,1.287076965009437e-10,1.5128198742998165e-10,1.287076965009574e-10,5.148194444977465e-11,7.015507447648185e-07,1.5895950839999997e-06,6412.351402996397,5.744954979190978e+21
60,4.41e-06,0.733923,6621.74,2200272788768.749,-6468801.998980122,41661168179768.375,4.41e-06,2.9432395256601167e-06,5.876760474339884e-06,0.0,1.961078652031093e-06,4.4099997270382635e-06,-719151.3769625403,-898049.1227824902,0.0,-1617200.4997450304,1.2917980294887753e-10,1.5125285905671367e-10,1.2917980294887903e-10,5.148194444977465e-11,7.196403637673079e-07,1.618300215e-06,6621.738849140199,5.715747323311392e+21
61,4.3785e-06,0.752466,6837.89,2255314334205.391,-6583262.541545536,40567489396132.56,4.3785e-06,2.9664437747005795e-06,5.79055622529942e-06,0.0,1.9615575501419606e-06,4.378501862026654e-06,-737321.1631431292,-908494.4722432548,0.0,-1645815.635386384,1.2962594316810604e-10,1.5123683254313087e-10,1.296259431681763e-10,5.148194444977465e-11,7.380026817625603e-07,1.6473361904999998e-06,6837.8830312085265,5.683236501578445e+21
62,4.347e-06,0.771435,7061.06,2312059548402.791,-6700348.57127129,39383019570955.94,4.347000000000001e-06,2.9898573637914582e-06,5.704142636208545e-06,0.0,1.9616485927058813e-06,4.346998186507039e-06,-755908.3752479446,-919178.7675698779,0.0,-1675087.1428178225,1.3004574527685202e-10,1.512337859888798e-10,1.300457452769199e-10,5.148194444977465e-11,7.566421910570308e-07,1.6767139725000004e-06,7061.0589788415145,5.647431398140335e+21
63,4.3155e-06,0.790841,7291.52,2370571592184.6255,-6820134.470715168,38102048796537.875,4.3155000000000004e-06,3.013559631685409e-06,5.617440368314592e-06,0.0,1.96135923153202e-06,4.315499744808108e-06,-774923.7918806637,-930109.8257981283,0.0,-1705033.617678792,1.3044003129652935e-10,1.5124346911667935e-10,1.3044003129653064e-10,5.148194444977465e-11,7.755616480120072e-07,1.7064371677500002e-06,7291.522091862913,5.608477713729079e+21
64,4.284e-06,0.810699,7529.57,2430921430093.441,-6942711.604346868,36719465910733.56,4.284e-06,3.0376292167014145e-06,5.530370783298586e-06,0.0,1.960692795347767e-06,4.283997723505198e-06,-794382.1111372098,-941295.789949507,0.0,-1735677.901086717,1.3080843910566123e-10,1.5126577331865755e-10,1.3080843910577218e-10,5.148194444977465e-11,7.947658442478197e-07,1.736517258e-06,7529.572432869775,5.566395977524593e+21
65,4.2525e-06,0.831021,7775.5,2493178464785.191,-7068160.947666017,35228905398203.0,4.2525e-06,3.062173199180083e-06,5.442826800819917e-06,0.0,1.9596564793944533e-06,4.252502423009243e-06,-814295.0914943219,-952745.1454221825,0.0,-1767040.2369165043,1.3115176505921374e-10,1.513004640597668e-10,1.3115176505934148e-10,5.148194444977465e-11,8.14257843581429e-07,1.7669584012500003e-06,7775.490885547911,5.521337398403749e+21
66,4.221e-06,0.851824,8029.62,2557421646251.5312,-7196584.512551809,33624839694333.25,4.221e-06,3.0873009601255423e-06,5.354699039874458e-06,0.0,1.9582524860208164e-06,4.221000802223235e-06,-834679.3907940465,-964466.7373439057,0.0,-1799146.1281379522,1.3146937796622182e-10,1.51347477140032e-10,1.314693779662361e-10,5.148194444977465e-11,8.34043232826098e-07,1.797774552e-06,8029.613850053936,5.473303491046887e+21
67,4.1895e-06,0.873122,8292.26,2623728630448.489,-7328074.064842627,31900418530670.812,4.1894999999999994e-06,3.113160495204798e-06,5.2658395047952e-06,0.0,1.9564868743784715e-06,4.18949858305191e-06,-855548.7272592454,-976469.7889514115,0.0,-1832018.5162106568,1.3176179627110203e-10,1.5140662215030585e-10,1.3176179627114732e-10,5.148194444977465e-11,8.5412586636554e-07,1.8289723094999997e-06,8292.25935208747,5.422424029160247e+21
68,4.158e-06,0.89493,8563.76,2692181414215.7583,-7462726.880206082,30048492903252.562,4.158e-06,3.139931430247927e-06,5.176068569752073e-06,0.0,1.9543651259359027e-06,4.157998952674548e-06,-876917.7989858421,-988763.9210656785,0.0,-1865681.7200515205,1.3202939268078254e-10,1.5147773049543479e-10,1.320293926808076e-10,5.148194444977465e-11,8.745099910769088e-07,1.86055947e-06,8563.764623691071,5.36881608292924e+21
69,4.1265e-06,0.917265,8844.49,2762867955730.378,-7600649.746214271,28061869344049.188,4.1265e-06,3.167832125772811e-06,5.08516787422719e-06,0.0,1.9518912100962953e-06,4.126498541981068e-06,-898803.2638158833,-1001359.1727376842,0.0,-1900162.4365535676,1.322721285706265e-10,1.5156068633971084e-10,1.3227212857067608e-10,5.148194444977465e-11,8.952007454144891e-07,1.8925470112500001e-06,8844.496478564606,5.312556923074853e+21
70,4.095e-06,0.940143,9134.83,2835878128737.554,-7741947.291453523,25932438536980.625,4.095e-06,3.1971493120381775e-06,4.9928506879618225e-06,0.0,1.949070713324357e-06,4.095001636547463e-06,-921220.799718354,-1014266.0231450266,0.0,-1935486.8228633807,1.3249045382668022e-10,1.5165532127078546e-10,1.324904538267437e-10,5.148194444977465e-11,9.162025938184505e-07,1.9249427925e-06,9134.823300564334,5.253777833000683e+21
71,4.0635e-06,0.963584,9435.16,2911311065308.9106,-7886741.675921839,23652554956680.188,4.0635e-06,3.2282424241598305e-06,4.898757575840169e-06,0.0,1.9459058732621638e-06,4.063498046089985e-06,-944190.0041544855,-1027495.414825974,0.0,-1971685.4189804597,1.326838845637118e-10,1.5176158041837077e-10,1.3268388456380382e-10,5.148194444977465e-11,9.375218824907244e-07,1.957761792e-06,9435.16406326202,5.192517507074979e+21
