T_K,H_J_per_kg,FCC_A1,LIQUID
938.00,1074213.55,0.000000,1.000000
936.00,1071860.28,0.000000,1.000000
934.00,1069507.01,0.000000,1.000000
932.00,670054.18,1.000000,0.000000
930.00,667542.52,1.000000,0.000000
928.00,665034.96,1.000000,0.000000
926.00,662531.47,1.000000,0.000000
924.00,660032.04,1.000000,0.000000
922.00,657536.65,1.000000,0.000000
920.00,655045.27,1.000000,0.000000
918.00,652557.89,1.000000,0.000000
916.00,650074.48,1.000000,0.000000
914.00,647595.03,1.000000,0.000000
912.00,645119.52,1.000000,0.000000
910.00,642647.92,1.000000,0.000000
908.00,640180.21,1.000000,0.000000
906.00,637716.38,1.000000,0.000000
904.00,635256.41,1.000000,0.000000
