T_K,H_J_per_kg,AL13FE4,AL3M_D022,FCC_A1,LIQUID
930.00,894885.31,0.000000,0.061301,0.000000,0.938699
928.00,892669.15,0.000000,0.061303,0.000000,0.938697
926.00,890455.03,0.000000,0.061304,0.000000,0.938696
924.00,838405.74,0.000000,0.060506,0.134369,0.805124
922.00,782587.29,0.000000,0.059672,0.278859,0.661469
920.00,741491.01,0.000000,0.059091,0.383631,0.557277
918.00,709781.83,0.000000,0.058673,0.463086,0.478241
916.00,684423.53,0.000000,0.058363,0.525419,0.416218
914.00,663560.86,0.000000,0.058130,0.575639,0.366231
912.00,645996.10,0.000000,0.057954,0.616977,0.325070
910.00,630921.46,0.000000,0.057819,0.651614,0.290566
908.00,617772.24,0.000000,0.057717,0.681076,0.261207
906.00,606141.79,0.000000,0.057641,0.706459,0.235900
904.00,595729.76,0.000000,0.057585,0.728574,0.213841
902.00,586309.50,0.000000,0.057545,0.748034,0.194421
900.00,577706.76,0.000000,0.057518,0.765309,0.177173
898.00,569785.34,0.000000,0.057503,0.780766,0.161731
896.00,562437.26,0.000000,0.057496,0.794698,0.147806
894.00,555575.83,0.000000,0.057498,0.807337,0.135165
892.00,548288.38,0.000260,0.057497,0.820629,0.121614
890.00,541503.45,0.000491,0.057504,0.832636,0.109369
888.00,535188.17,0.000687,0.057517,0.843466,0.098330
886.00,529272.68,0.000852,0.057535,0.853295,0.088317
884.00,523699.87,0.000993,0.057558,0.862269,0.079179
882.00,518422.54,0.001114,0.057585,0.870507,0.070794
880.00,513401.42,0.001217,0.057615,0.878109,0.063058
878.00,508603.50,0.001306,0.057648,0.885160,0.055886
876.00,504000.90,0.001382,0.057684,0.891731,0.049204
874.00,499569.87,0.001448,0.057721,0.897882,0.042949
872.00,495290.06,0.001506,0.057759,0.903667,0.037068
870.00,491143.92,0.001556,0.057800,0.909129,0.031515
868.00,487116.23,0.001599,0.057841,0.914310,0.026250
866.00,483193.73,0.001638,0.057884,0.919242,0.021236
864.00,479364.77,0.001671,0.057927,0.923958,0.016444
862.00,475619.07,0.001701,0.057971,0.928482,0.011846
860.00,471947.53,0.001727,0.058015,0.932841,0.007417
858.00,468342.02,0.001751,0.058060,0.937054,0.003135
856.00,465107.30,0.001769,0.058108,0.940123,0.000000
854.00,462841.31,0.001778,0.058163,0.940059,0.000000
852.00,460578.82,0.001788,0.058217,0.939996,0.000000
850.00,458319.82,0.001797,0.058270,0.939933,0.000000
848.00,456064.28,0.001806,0.058323,0.939871,0.000000
846.00,453812.17,0.001815,0.058375,0.939810,0.000000
844.00,451563.48,0.001823,0.058426,0.939750,0.000000
842.00,449318.18,0.001832,0.058477,0.939691,0.000000
840.00,447076.26,0.001840,0.058527,0.939633,0.000000
838.00,444837.68,0.001848,0.058577,0.939575,0.000000
836.00,442602.43,0.001856,0.058626,0.939518,0.000000
834.00,440370.48,0.001864,0.058674,0.939462,0.000000
832.00,438141.82,0.001871,0.058721,0.939407,0.000000
830.00,435916.42,0.001879,0.058768,0.939353,0.000000
828.00,433694.25,0.001886,0.058815,0.939299,0.000000
