T_K,H_J_per_kg,ALFESI_ALPHA,ALFESI_BETA,FCC_A1,LIQUID
930.00,1065281.67,0.000000,0.000000,0.000000,1.000000
928.00,1062936.47,0.000000,0.000000,0.000000,1.000000
926.00,1060593.28,0.000000,0.000000,0.000000,1.000000
924.00,1000705.78,0.000000,0.000000,0.145650,0.854350
922.00,926183.58,0.000000,0.000000,0.328568,0.671432
920.00,873908.76,0.000000,0.000000,0.455333,0.544667
918.00,835174.11,0.000000,0.000000,0.547902,0.452098
916.00,805267.22,0.000000,0.000000,0.618164,0.381836
914.00,781418.78,0.000000,0.000000,0.673105,0.326895
912.00,761897.19,0.000000,0.000000,0.717097,0.282903
910.00,745566.03,0.000000,0.000000,0.753012,0.246988
908.00,731649.82,0.000000,0.000000,0.782808,0.217192
906.00,719602.22,0.000000,0.000000,0.807866,0.192134
904.00,709027.83,0.000000,0.000000,0.829187,0.170813
902.00,699633.88,0.000000,0.000000,0.847513,0.152487
900.00,691199.27,0.000000,0.000000,0.863401,0.136599
898.00,683554.11,0.000000,0.000000,0.877284,0.122716
896.00,674308.99,0.000719,0.000000,0.894014,0.105267
894.00,665781.90,0.001419,0.000000,0.908971,0.089610
892.00,658175.33,0.001996,0.000000,0.921816,0.076189
890.00,651304.52,0.002475,0.000000,0.932969,0.064556
888.00,645031.55,0.002878,0.000000,0.942747,0.054375
886.00,639251.41,0.003219,0.000000,0.951389,0.045392
884.00,633882.73,0.003509,0.000000,0.959083,0.037408
882.00,625811.24,0.000000,0.004982,0.971583,0.023435
880.00,620949.67,0.000000,0.005292,0.978011,0.016697
878.00,616433.48,0.000000,0.005539,0.983678,0.010783
876.00,612199.78,0.000000,0.005738,0.988719,0.005543
874.00,608201.06,0.000000,0.005900,0.993236,0.000865
872.00,605503.58,0.000000,0.005943,0.994057,0.000000
870.00,603099.08,0.000000,0.005962,0.994038,0.000000
868.00,600698.46,0.000000,0.005981,0.994019,0.000000
866.00,598301.69,0.000000,0.005999,0.994001,0.000000
864.00,595908.75,0.000000,0.006016,0.993984,0.000000
862.00,593519.61,0.000000,0.006032,0.993968,0.000000
860.00,591134.22,0.000000,0.006048,0.993952,0.000000
858.00,588752.57,0.000000,0.006064,0.993936,0.000000
856.00,586374.62,0.000000,0.006079,0.993921,0.000000
854.00,584000.33,0.000000,0.006093,0.993907,0.000000
852.00,581629.69,0.000000,0.006107,0.993893,0.000000
850.00,579262.66,0.000000,0.006121,0.993879,0.000000
848.00,576899.21,0.000000,0.006134,0.993866,0.000000
846.00,574539.31,0.000000,0.006146,0.993854,0.000000
844.00,572182.94,0.000000,0.006158,0.993842,0.000000
