T0,T_mean,f0,f1,slope_per_ps,saturated
800.0,801.52,0.4911,0.5815,5.694586e-04,0
900.0,899.33,0.3336,0.4257,8.543441e-04,0
910.0,908.53,0.3011,0.2778,1.044742e-04,0
920.0,918.92,0.2848,0.2527,9.515246e-05,0
925.0,924.82,0.2871,0.2286,-3.149532e-04,0
930.0,929.27,0.2499,0.1739,-7.099568e-04,0
935.0,935.90,0.2690,0.1278,-8.828848e-04,0
940.0,939.95,0.2382,0.0714,-1.376358e-03,0
960.0,959.23,0.2373,0.0269,-1.871827e-03,0
980.0,981.69,0.2352,0.0000,-1.936768e-03,1
1000.0,999.35,0.1902,0.0000,-1.716598e-03,1
1100.0,1099.46,0.1154,0.0000,-6.046547e-04,1
